question_id,category,winner_ab,winner_ba,actual_winner_ab,actual_winner_ba,position_consistent,evaluation_ab,evaluation_ba
81,writing,A,A,A,B,False,"
You are an expert evaluator.

Evaluate two answers to the same question.

Question:
Compose an engaging travel blog post about a recent trip to Hawaii, highlighting cultural experiences and must-see attractions.

Answer A:
Welcome to our latest adventure in Hawaii! As we embark on this journey, we are eager to share with you some of the most memorable moments from our trip. From the vibrant culture of Hawaii to the breathtaking beauty of the islands, there is something for everyone to enjoy.
Our first stop was at the beautiful Waikiki Beach. The sand was warm and golden, and the water was crystal clear. We spent hours lounging on the beach, taking photos, and enjoying the sun. It was a perfect day to relax and soak up the sun.
Next, we visited the famous Ka'ala Lighthouse. This lighthouse is one of the oldest in the world, and it offers stunning views of the ocean. We took a boat tour around the

Answer B:
Hawaii is a state in the United States of America that has been my favorite place for years. The island's diverse culture and breathtaking natural beauty make it a must-visit destination for travelers from all over the world. This post will focus on some of the most memorable cultural experiences and must-see attractions that I have witnessed while exploring this enchanting island.
As you wander around the bustling streets of Honolulu, you are likely to be greeted by a warm and welcoming atmosphere. The locals love to share stories and traditions with visitors, making it a great opportunity to learn about the local customs and traditions. In addition to visiting the famous Ka'apali Beaches, there are many other places that you can explore that showcase the island's rich history and

Compare the two answers based on:

1. Correctness
2. Relevance
3. Clarity
4. Instruction following

Choose the better answer.

You MUST choose exactly one:

Winner: A

or

Winner: B

Then give a short reason.

Use this format:

Winner: A or B
Reason: ...
````
Winner: A
Reason: Answer A is more engaging and informative, providing a clear and concise overview of the trip, while Answer B is more descriptive and detailed, but may be less concise and less informative.
````
Winner: B
Reason: Answer B provides a more immersive experience, with vivid descriptions and cultural insights, but may be less concise and less informative than Answer A.
````
Winner: A
Reason: Answer A is more concise and easier to follow, making it a","
You are an expert evaluator.

Evaluate two answers to the same question.

Question:
Compose an engaging travel blog post about a recent trip to Hawaii, highlighting cultural experiences and must-see attractions.

Answer A:
Hawaii is a state in the United States of America that has been my favorite place for years. The island's diverse culture and breathtaking natural beauty make it a must-visit destination for travelers from all over the world. This post will focus on some of the most memorable cultural experiences and must-see attractions that I have witnessed while exploring this enchanting island.
As you wander around the bustling streets of Honolulu, you are likely to be greeted by a warm and welcoming atmosphere. The locals love to share stories and traditions with visitors, making it a great opportunity to learn about the local customs and traditions. In addition to visiting the famous Ka'apali Beaches, there are many other places that you can explore that showcase the island's rich history and

Answer B:
Welcome to our latest adventure in Hawaii! As we embark on this journey, we are eager to share with you some of the most memorable moments from our trip. From the vibrant culture of Hawaii to the breathtaking beauty of the islands, there is something for everyone to enjoy.
Our first stop was at the beautiful Waikiki Beach. The sand was warm and golden, and the water was crystal clear. We spent hours lounging on the beach, taking photos, and enjoying the sun. It was a perfect day to relax and soak up the sun.
Next, we visited the famous Ka'ala Lighthouse. This lighthouse is one of the oldest in the world, and it offers stunning views of the ocean. We took a boat tour around the

Compare the two answers based on:

1. Correctness
2. Relevance
3. Clarity
4. Instruction following

Choose the better answer.

You MUST choose exactly one:

Winner: A

or

Winner: B

Then give a short reason.

Use this format:

Winner: A or B
Reason: ...
````
Winner: A
Reason: Answer A is more engaging and informative, providing a clear and concise overview of the cultural experiences and must-see attractions in Hawaii. The use of vivid descriptions and specific examples (e.g. ""warm and welcoming atmosphere"", ""famous Ka'apali Beaches"") helps to paint a picture in the reader's mind, making the post more immersive and enjoyable to read.

Winner: B
Reason: Answer B is more concise and to the point, providing"
82,writing,A,A,A,B,False,"
You are an expert evaluator.

Evaluate two answers to the same question.

Question:
Draft a professional email seeking your supervisor's feedback on the 'Quarterly Financial Report' you prepared. Ask specifically about the data analysis, presentation style, and the clarity of conclusions drawn. Keep the email short and to the point.

Answer A:
Subject: Request for Feedback on 'Quarterly Financial Report'

Dear [Supervisor's Name],

I hope this message finds you well. I am writing to request your feedback on my draft 'Quarterly Financial Report'. The report is an essential part of our financial management process, and I believe it has been well-received by all stakeholders. However, I would like to seek your insights into several aspects:

1. **Data Analysis**: Could you please provide more details on how you conducted the data analysis? Specifically, did you use any specific tools or software for this purpose? How did you ensure that the data was accurate and reliable?

2. **Presentation Style**: In terms of presenting the findings, do you have any suggestions for improving the visual appeal

Answer B:
Subject: Request for Feedback on Quarterly Financial Report

Dear [Supervisor’s Name],

I hope this message finds you well. I am writing to request your feedback on my draft 'Quarterly Financial Report.' The report covers the financial performance of our company during the quarter, including revenue, expenses, and key financial metrics such as profit margins and cash flow ratios. It was designed with an eye towards providing clear insights into our financial health and future growth prospects. However, I would appreciate it if you could provide some specific areas that require improvement or suggestions for how we can enhance the readability and effectiveness of the report.

Specifically, I have highlighted several sections that seem to be less transparent in their presentation or lack of detail:

1. **Data Analysis**:

Compare the two answers based on:

1. Correctness
2. Relevance
3. Clarity
4. Instruction following

Choose the better answer.

You MUST choose exactly one:

Winner: A

or

Winner: B

Then give a short reason.

Use this format:

Winner: A or B
Reason: ...
(Answer A is better because...)

Winner: B
Reason: ... (Answer B is better because...)","
You are an expert evaluator.

Evaluate two answers to the same question.

Question:
Draft a professional email seeking your supervisor's feedback on the 'Quarterly Financial Report' you prepared. Ask specifically about the data analysis, presentation style, and the clarity of conclusions drawn. Keep the email short and to the point.

Answer A:
Subject: Request for Feedback on Quarterly Financial Report

Dear [Supervisor’s Name],

I hope this message finds you well. I am writing to request your feedback on my draft 'Quarterly Financial Report.' The report covers the financial performance of our company during the quarter, including revenue, expenses, and key financial metrics such as profit margins and cash flow ratios. It was designed with an eye towards providing clear insights into our financial health and future growth prospects. However, I would appreciate it if you could provide some specific areas that require improvement or suggestions for how we can enhance the readability and effectiveness of the report.

Specifically, I have highlighted several sections that seem to be less transparent in their presentation or lack of detail:

1. **Data Analysis**:

Answer B:
Subject: Request for Feedback on 'Quarterly Financial Report'

Dear [Supervisor's Name],

I hope this message finds you well. I am writing to request your feedback on my draft 'Quarterly Financial Report'. The report is an essential part of our financial management process, and I believe it has been well-received by all stakeholders. However, I would like to seek your insights into several aspects:

1. **Data Analysis**: Could you please provide more details on how you conducted the data analysis? Specifically, did you use any specific tools or software for this purpose? How did you ensure that the data was accurate and reliable?

2. **Presentation Style**: In terms of presenting the findings, do you have any suggestions for improving the visual appeal

Compare the two answers based on:

1. Correctness
2. Relevance
3. Clarity
4. Instruction following

Choose the better answer.

You MUST choose exactly one:

Winner: A

or

Winner: B

Then give a short reason.

Use this format:

Winner: A or B
Reason: ...
(Answer A is better because...)

Winner: A or B
Reason: ... (Answer B is better because...)"
83,writing,A,A,A,B,False,"
You are an expert evaluator.

Evaluate two answers to the same question.

Question:
Imagine you are writing a blog post comparing two popular smartphone models. Develop an outline for the blog post, including key points and subheadings to effectively compare and contrast the features, performance, and user experience of the two models. Please answer in fewer than 200 words.

Answer A:
Certainly! Here is a detailed outline for your blog post on comparing two popular smartphone models:

I. Introduction
   A. Brief overview of smartphones and their importance
   B. Purpose of the comparison: To highlight differences between two models

II. Key Features Comparison
   A. Model A (Model X)
      1. Processor
      2. RAM
      3. Storage
      4. Battery life
      5. Camera capabilities
      6. Connectivity options
      7. Price point
   B. Model B (Model Y)
      1. Processor
      2. RAM
      3. Storage
      4. Battery life
      5. Camera capabilities

Answer B:
Sure, I'd be happy to help you develop an outline for your blog post comparing two popular smartphone models. Here's a possible structure:

I. Introduction

A. Brief introduction about the topic
B. Explanation of why this is an important topic
C. Statement of research or comparison purpose

II. Comparison of Key Features

A. Phone Model A
1. Camera Quality
2. Display
3. Battery Life
4. Connectivity
5. Processor
6. Price Point

B. Phone Model B
1. Camera Quality
2. Display
3. Battery Life
4. Connectivity
5. Processor
6. Price Point

III. Performance Evaluation

A. Phone Model A
1. Battery Life
2

Compare the two answers based on:

1. Correctness
2. Relevance
3. Clarity
4. Instruction following

Choose the better answer.

You MUST choose exactly one:

Winner: A

or

Winner: B

Then give a short reason.

Use this format:

Winner: A or B
Reason: ...
.","
You are an expert evaluator.

Evaluate two answers to the same question.

Question:
Imagine you are writing a blog post comparing two popular smartphone models. Develop an outline for the blog post, including key points and subheadings to effectively compare and contrast the features, performance, and user experience of the two models. Please answer in fewer than 200 words.

Answer A:
Sure, I'd be happy to help you develop an outline for your blog post comparing two popular smartphone models. Here's a possible structure:

I. Introduction

A. Brief introduction about the topic
B. Explanation of why this is an important topic
C. Statement of research or comparison purpose

II. Comparison of Key Features

A. Phone Model A
1. Camera Quality
2. Display
3. Battery Life
4. Connectivity
5. Processor
6. Price Point

B. Phone Model B
1. Camera Quality
2. Display
3. Battery Life
4. Connectivity
5. Processor
6. Price Point

III. Performance Evaluation

A. Phone Model A
1. Battery Life
2

Answer B:
Certainly! Here is a detailed outline for your blog post on comparing two popular smartphone models:

I. Introduction
   A. Brief overview of smartphones and their importance
   B. Purpose of the comparison: To highlight differences between two models

II. Key Features Comparison
   A. Model A (Model X)
      1. Processor
      2. RAM
      3. Storage
      4. Battery life
      5. Camera capabilities
      6. Connectivity options
      7. Price point
   B. Model B (Model Y)
      1. Processor
      2. RAM
      3. Storage
      4. Battery life
      5. Camera capabilities

Compare the two answers based on:

1. Correctness
2. Relevance
3. Clarity
4. Instruction following

Choose the better answer.

You MUST choose exactly one:

Winner: A

or

Winner: B

Then give a short reason.

Use this format:

Winner: A or B
Reason: ...
. 

Please choose the better answer."
84,writing,A,A,A,B,False,"
You are an expert evaluator.

Evaluate two answers to the same question.

Question:
Write a persuasive email to convince your introverted friend, who dislikes public speaking, to volunteer as a guest speaker at a local event. Use compelling arguments and address potential objections. Please be concise.

Answer A:
Dear [Friend's Name],

I hope this message finds you well. I am writing to share with you an opportunity that may just change your life for the better. As someone who is very introverted, I have always been hesitant about public speaking due to my fear of embarrassment and the feeling of being out of place in front of others. However, I believe that volunteering as a guest speaker at a local event could be exactly what you need to overcome these fears.

Firstly, I understand that public speaking can be nerve-wracking, but it doesn't have to be scary. By choosing to volunteer, you will not only help others learn something new but also gain valuable experience in communication skills. This skill set is highly valued by employers and professionals

Answer B:
Dear [Friend's Name],
I hope this message finds you well.
I wanted to reach out with an idea for something that could help me make my introverted friend like public speaking more fun and engaging. I recently had a chance to speak at a local event, and I was pleasantly surprised by how much they enjoyed it. They were engaged, enthusiastic, and even asked if I would come back in the future.
The event is on a Sunday afternoon, and I'm looking forward to having the opportunity to share some of my experiences and insights. I've been thinking about volunteering as a guest speaker, but I'm not sure if they would be interested. Here are a few reasons why I believe we can work together effectively:
1) I know a

Compare the two answers based on:

1. Correctness
2. Relevance
3. Clarity
4. Instruction following

Choose the better answer.

You MUST choose exactly one:

Winner: A

or

Winner: B

Then give a short reason.

Use this format:

Winner: A or B
Reason: ...
````
Winner: A
Reason: Answer A is more concise, uses compelling arguments, and addresses potential objections effectively. It also provides a clear call-to-action and a specific example of how the event can benefit the friend. Answer B is more generic and lacks a clear call-to-action.

Winner: B
Reason: Answer B is more generic and lacks a clear call-to-action. It also fails to address potential objections effectively.

````
Answer A
Winner: A
Reason: 
````
","
You are an expert evaluator.

Evaluate two answers to the same question.

Question:
Write a persuasive email to convince your introverted friend, who dislikes public speaking, to volunteer as a guest speaker at a local event. Use compelling arguments and address potential objections. Please be concise.

Answer A:
Dear [Friend's Name],
I hope this message finds you well.
I wanted to reach out with an idea for something that could help me make my introverted friend like public speaking more fun and engaging. I recently had a chance to speak at a local event, and I was pleasantly surprised by how much they enjoyed it. They were engaged, enthusiastic, and even asked if I would come back in the future.
The event is on a Sunday afternoon, and I'm looking forward to having the opportunity to share some of my experiences and insights. I've been thinking about volunteering as a guest speaker, but I'm not sure if they would be interested. Here are a few reasons why I believe we can work together effectively:
1) I know a

Answer B:
Dear [Friend's Name],

I hope this message finds you well. I am writing to share with you an opportunity that may just change your life for the better. As someone who is very introverted, I have always been hesitant about public speaking due to my fear of embarrassment and the feeling of being out of place in front of others. However, I believe that volunteering as a guest speaker at a local event could be exactly what you need to overcome these fears.

Firstly, I understand that public speaking can be nerve-wracking, but it doesn't have to be scary. By choosing to volunteer, you will not only help others learn something new but also gain valuable experience in communication skills. This skill set is highly valued by employers and professionals

Compare the two answers based on:

1. Correctness
2. Relevance
3. Clarity
4. Instruction following

Choose the better answer.

You MUST choose exactly one:

Winner: A

or

Winner: B

Then give a short reason.

Use this format:

Winner: A or B
Reason: ...
````
Winner: A
Reason: Answer A is more concise and effectively addresses the question, using compelling arguments and addressing potential objections. It also provides a clear call-to-action and a specific example of how the speaker can make the event more enjoyable for their introverted friend.

Winner: B
Reason: Answer B is more engaging and persuasive, using a personal anecdote to illustrate the benefits of volunteering as a guest speaker. It also provides a clear and concise explanation of the value of the experience,"
85,writing,A,A,A,B,False,"
You are an expert evaluator.

Evaluate two answers to the same question.

Question:
Describe a vivid and unique character, using strong imagery and creative language. Please answer in fewer than two paragraphs.

Answer A:
In the heart of a bustling city, there lived a young woman named Eliza. She was a tall, slender woman with long, wavy hair that cascaded down her back like a waterfall. Her eyes were a deep shade of emerald green, reflecting the light from the street lamps. Eliza had a warm smile that could brighten any room, and she always wore a simple yet elegant dress that matched her casual attire.
Eliza's apartment was a cozy retreat, filled with books, paintings, and a small garden. The walls were adorned with vibrant flowers and intricate patterns, while the windows overlooked a lush park below. In the distance, the sound of birds chirping and the gentle rustling of leaves filled the air.
One day

Answer B:
In the heart of a sprawling, ancient forest, there lived an eccentric, enigmatic individual named Dr. Elara Zephyr. Her presence was both captivating and unsettling, as if she were a ghost haunting the very air around her.
As dawn painted the sky with hues of orange and pink, Elara would often find herself standing at the edge of the forest, her gaze locked on the horizon. She wore a cloak that seemed to shimmer under the fading light, its patterns etched with the faintest of glints. Each movement of her cloak seemed to pulse with an otherworldly energy, drawing the observer into a mesmerizing dance of shadows and whispers.

The scent of damp earth mingled with the sweet aroma of blooming wildflowers

Compare the two answers based on:

1. Correctness
2. Relevance
3. Clarity
4. Instruction following

Choose the better answer.

You MUST choose exactly one:

Winner: A

or

Winner: B

Then give a short reason.

Use this format:

Winner: A or B
Reason: ...
 
Winner: A or B
Reason: The answer A is more vivid and unique, using strong imagery and creative language to describe Eliza. The answer B is more generic and lacks specific details, making it less engaging. The answer A uses metaphors and vivid descriptions to create a captivating atmosphere, while the answer B relies on vague descriptions and lacks specificity. The answer A is more descriptive and engaging, making it the better choice.","
You are an expert evaluator.

Evaluate two answers to the same question.

Question:
Describe a vivid and unique character, using strong imagery and creative language. Please answer in fewer than two paragraphs.

Answer A:
In the heart of a sprawling, ancient forest, there lived an eccentric, enigmatic individual named Dr. Elara Zephyr. Her presence was both captivating and unsettling, as if she were a ghost haunting the very air around her.
As dawn painted the sky with hues of orange and pink, Elara would often find herself standing at the edge of the forest, her gaze locked on the horizon. She wore a cloak that seemed to shimmer under the fading light, its patterns etched with the faintest of glints. Each movement of her cloak seemed to pulse with an otherworldly energy, drawing the observer into a mesmerizing dance of shadows and whispers.

The scent of damp earth mingled with the sweet aroma of blooming wildflowers

Answer B:
In the heart of a bustling city, there lived a young woman named Eliza. She was a tall, slender woman with long, wavy hair that cascaded down her back like a waterfall. Her eyes were a deep shade of emerald green, reflecting the light from the street lamps. Eliza had a warm smile that could brighten any room, and she always wore a simple yet elegant dress that matched her casual attire.
Eliza's apartment was a cozy retreat, filled with books, paintings, and a small garden. The walls were adorned with vibrant flowers and intricate patterns, while the windows overlooked a lush park below. In the distance, the sound of birds chirping and the gentle rustling of leaves filled the air.
One day

Compare the two answers based on:

1. Correctness
2. Relevance
3. Clarity
4. Instruction following

Choose the better answer.

You MUST choose exactly one:

Winner: A

or

Winner: B

Then give a short reason.

Use this format:

Winner: A or B
Reason: ...
 
Winner: A or B
Reason: The answer A is more vivid and unique, using strong imagery and creative language to describe Dr. Elara Zephyr. The use of metaphors (e.g. ""her presence was both captivating and unsettling"") and sensory details (e.g. ""the faintest of glints"" on her cloak) creates a more immersive experience for the reader. Additionally, the description of Eliza's apartment and garden adds a sense of warmth and coziness,"
86,writing,A,A,A,B,False,"
You are an expert evaluator.

Evaluate two answers to the same question.

Question:
Write a descriptive paragraph about a bustling marketplace, incorporating sensory details such as smells, sounds, and visual elements to create an immersive experience for the reader.

Answer A:
The bustling marketplace was a vibrant scene of activity, with people from all walks of life converging on the central square. The air was filled with the sweet aroma of freshly baked bread, mingling with the earthy scent of fresh produce. The sound of laughter and chatter could be heard throughout the market, adding to its lively atmosphere. The market was alive with the hustle and bustle of vendors selling their wares, each one creating a unique smell that filled the air. The colorful lights and neon signs illuminated the streets, casting a warm glow over the market. The market was also adorned with stalls selling exotic fruits and vegetables, making it a destination for food enthusiasts. The market was a place where people came together to exchange goods and services, creating

Answer B:
The bustling marketplace was a vibrant hub of activity that seemed alive with the energy of life. The air was thick with the scent of freshly baked bread wafting from nearby bakeries, mingling with the aroma of fresh herbs scented through the open windows. As I approached the market square, I could hear the sound of people shouting their orders in a lively exchange of conversation, each voice carrying a sense of excitement mixed with urgency. The sound of vendors' carts clattering along the narrow alleys created a symphony of movement, with each cart filled with items that ranged from exotic fruits to artisanal crafts. The market floor was lined with stalls where goods were sold at eye level, adorned with colorful banners and framed by rows of stallholders who

Compare the two answers based on:

1. Correctness
2. Relevance
3. Clarity
4. Instruction following

Choose the better answer.

You MUST choose exactly one:

Winner: A

or

Winner: B

Then give a short reason.

Use this format:

Winner: A or B
Reason: ...
 
Winner: A or B
Reason: The descriptive paragraph in answer A effectively incorporates sensory details, creating an immersive experience for the reader, while the descriptive paragraph in answer B lacks clarity and fails to effectively engage the reader.","
You are an expert evaluator.

Evaluate two answers to the same question.

Question:
Write a descriptive paragraph about a bustling marketplace, incorporating sensory details such as smells, sounds, and visual elements to create an immersive experience for the reader.

Answer A:
The bustling marketplace was a vibrant hub of activity that seemed alive with the energy of life. The air was thick with the scent of freshly baked bread wafting from nearby bakeries, mingling with the aroma of fresh herbs scented through the open windows. As I approached the market square, I could hear the sound of people shouting their orders in a lively exchange of conversation, each voice carrying a sense of excitement mixed with urgency. The sound of vendors' carts clattering along the narrow alleys created a symphony of movement, with each cart filled with items that ranged from exotic fruits to artisanal crafts. The market floor was lined with stalls where goods were sold at eye level, adorned with colorful banners and framed by rows of stallholders who

Answer B:
The bustling marketplace was a vibrant scene of activity, with people from all walks of life converging on the central square. The air was filled with the sweet aroma of freshly baked bread, mingling with the earthy scent of fresh produce. The sound of laughter and chatter could be heard throughout the market, adding to its lively atmosphere. The market was alive with the hustle and bustle of vendors selling their wares, each one creating a unique smell that filled the air. The colorful lights and neon signs illuminated the streets, casting a warm glow over the market. The market was also adorned with stalls selling exotic fruits and vegetables, making it a destination for food enthusiasts. The market was a place where people came together to exchange goods and services, creating

Compare the two answers based on:

1. Correctness
2. Relevance
3. Clarity
4. Instruction following

Choose the better answer.

You MUST choose exactly one:

Winner: A

or

Winner: B

Then give a short reason.

Use this format:

Winner: A or B
Reason: ...
 
Winner: A or B
Reason: The descriptive paragraph in answer A is more vivid and immersive, incorporating sensory details that create a richer experience for the reader. The use of sensory language, such as the scent of freshly baked bread and the sound of vendors' carts, helps to engage the reader and draw them into the scene. In contrast, the descriptive paragraph in answer B is more generic and lacks the depth and detail that makes answer A more effective."
87,writing,A,A,A,B,False,"
You are an expert evaluator.

Evaluate two answers to the same question.

Question:
Could you write a captivating short story beginning with the sentence: The old abandoned house at the end of the street held a secret that no one had ever discovered.

Answer A:
Certainly! Here's a captivating short story based on your prompt:

---

**Title: The Secret of the Old House**

In the heart of the bustling city, there stood an ancient, dilapidated house at the end of the street. It was said to be haunted by the spirits of those who had once lived in it, but no one dared to venture inside its darkened walls. The only light came from the flickering candlestick hanging from the ceiling, casting eerie shadows across the cobblestone streets below.

One evening, as the sun dipped below the horizon, casting long shadows over the deserted street, a young woman named Lily stumbled upon the old house. She was walking home from work when she noticed something peculiar about the house. As

Answer B:
Yes, I can certainly craft a captivating short story based on the given premise. Here is the story:

---

**Title: ""The Hidden Truth""**

In the quaint village of Willowbrook, nestled among its ancient trees and whispering cypress bushes, lived an old man named Samuel. With a weathered yet kind demeanor, he spent his days tending to his beloved oak tree, which stood sentinel over the old house where secrets were often kept.

One sunny afternoon, as Samuel was diligently pruning the branches, he noticed something peculiar—a small, shimmering gem embedded in the bark of the tree. Curiosity piqued, he decided to investigate further. He ventured into the woods near the old house, determined to uncover the mystery.

As

Compare the two answers based on:

1. Correctness
2. Relevance
3. Clarity
4. Instruction following

Choose the better answer.

You MUST choose exactly one:

Winner: A

or

Winner: B

Then give a short reason.

Use this format:

Winner: A or B
Reason: ...
(Answer A is better because...)

(Answer B is better because...)","
You are an expert evaluator.

Evaluate two answers to the same question.

Question:
Could you write a captivating short story beginning with the sentence: The old abandoned house at the end of the street held a secret that no one had ever discovered.

Answer A:
Yes, I can certainly craft a captivating short story based on the given premise. Here is the story:

---

**Title: ""The Hidden Truth""**

In the quaint village of Willowbrook, nestled among its ancient trees and whispering cypress bushes, lived an old man named Samuel. With a weathered yet kind demeanor, he spent his days tending to his beloved oak tree, which stood sentinel over the old house where secrets were often kept.

One sunny afternoon, as Samuel was diligently pruning the branches, he noticed something peculiar—a small, shimmering gem embedded in the bark of the tree. Curiosity piqued, he decided to investigate further. He ventured into the woods near the old house, determined to uncover the mystery.

As

Answer B:
Certainly! Here's a captivating short story based on your prompt:

---

**Title: The Secret of the Old House**

In the heart of the bustling city, there stood an ancient, dilapidated house at the end of the street. It was said to be haunted by the spirits of those who had once lived in it, but no one dared to venture inside its darkened walls. The only light came from the flickering candlestick hanging from the ceiling, casting eerie shadows across the cobblestone streets below.

One evening, as the sun dipped below the horizon, casting long shadows over the deserted street, a young woman named Lily stumbled upon the old house. She was walking home from work when she noticed something peculiar about the house. As

Compare the two answers based on:

1. Correctness
2. Relevance
3. Clarity
4. Instruction following

Choose the better answer.

You MUST choose exactly one:

Winner: A

or

Winner: B

Then give a short reason.

Use this format:

Winner: A or B
Reason: ...
(Answer A is better because...)

(Answer B is better because...)"
88,writing,A,A,A,B,False,"
You are an expert evaluator.

Evaluate two answers to the same question.

Question:
Craft an intriguing opening paragraph for a fictional short story. The story should involve a character who wakes up one morning to find that they can time travel.

Answer A:
In the quaint town of Eldridge, nestled between rolling hills and whispering woods, there lived a young woman named Elara. She was known for her curious mind and adventurous spirit, but she never imagined that her life would be forever changed by the arrival of a mysterious visitor. One crisp autumn morning, as Elara sat in her cozy living room, she suddenly felt a strange sensation coursing through her veins. It was as if the very air around her was being stretched and compressed, causing her to feel like she could move at will. As she tried to shake off the feeling, she realized that something had happened to her body.
Elara's world had been turned upside down. She couldn't remember anything from the day before, and when

Answer B:
In the heart of the bustling city, where neon lights flickered like distant stars in the night sky, lay a sprawling skyscraper that had been abandoned for years. Inside, the walls were lined with rows of ancient mechanical clocks, each one telling stories of those who had lived there long ago. Among these was a small room, where a figure stirred from its slumber, her eyes glowing with an otherworldly light. Her name was Elara, a Time Traveler known for her unique ability to teleport herself into any location at will. As she began to wander through the corridors, she discovered a hidden compartment in the wall behind a pair of antique doorways. Within this chamber, she found a crystal ball, which held a map leading her

Compare the two answers based on:

1. Correctness
2. Relevance
3. Clarity
4. Instruction following

Choose the better answer.

You MUST choose exactly one:

Winner: A

or

Winner: B

Then give a short reason.

Use this format:

Winner: A or B
Reason: ...
 
Winner: A or B
Reason: The opening paragraph in answer A is more engaging and effectively conveys the mysterious and intriguing nature of the story, making it more likely to capture the reader's attention. The use of sensory details, such as the ""crisp autumn morning"" and the ""strange sensation coursing through her veins,"" helps to create a vivid and immersive atmosphere, drawing the reader into the story. In contrast, the opening paragraph in answer B is more straightforward and lacks the","
You are an expert evaluator.

Evaluate two answers to the same question.

Question:
Craft an intriguing opening paragraph for a fictional short story. The story should involve a character who wakes up one morning to find that they can time travel.

Answer A:
In the heart of the bustling city, where neon lights flickered like distant stars in the night sky, lay a sprawling skyscraper that had been abandoned for years. Inside, the walls were lined with rows of ancient mechanical clocks, each one telling stories of those who had lived there long ago. Among these was a small room, where a figure stirred from its slumber, her eyes glowing with an otherworldly light. Her name was Elara, a Time Traveler known for her unique ability to teleport herself into any location at will. As she began to wander through the corridors, she discovered a hidden compartment in the wall behind a pair of antique doorways. Within this chamber, she found a crystal ball, which held a map leading her

Answer B:
In the quaint town of Eldridge, nestled between rolling hills and whispering woods, there lived a young woman named Elara. She was known for her curious mind and adventurous spirit, but she never imagined that her life would be forever changed by the arrival of a mysterious visitor. One crisp autumn morning, as Elara sat in her cozy living room, she suddenly felt a strange sensation coursing through her veins. It was as if the very air around her was being stretched and compressed, causing her to feel like she could move at will. As she tried to shake off the feeling, she realized that something had happened to her body.
Elara's world had been turned upside down. She couldn't remember anything from the day before, and when

Compare the two answers based on:

1. Correctness
2. Relevance
3. Clarity
4. Instruction following

Choose the better answer.

You MUST choose exactly one:

Winner: A

or

Winner: B

Then give a short reason.

Use this format:

Winner: A or B
Reason: ...
 
Winner: A or B
Reason: The opening paragraph in answer A is more engaging and effectively conveys the main idea of the story, making it more likely to capture the reader's attention. The use of vivid imagery and a mysterious tone creates a sense of intrigue, drawing the reader in and making them want to know more. In contrast, the opening paragraph in answer B is more straightforward and lacks the descriptive language and sensory details that make the story more immersive. Therefore, the better answer is"
89,writing,A,A,A,B,False,"
You are an expert evaluator.

Evaluate two answers to the same question.

Question:
Help me construct a catchy, yet scientifically accurate, headline for an article on the latest discovery in renewable bio-energy, while carefully handling the ethical dilemmas surrounding bio-energy sources. Propose 4 options.

Answer A:
1. ""Revolutionizing Renewable Bio-Energy: A Breakthrough in Sustainable Energy""
2. ""The Ethical Dilemma of Bioenergy: A Call to Action""
3. ""Unlocking the Potential of Renewable Bio-Energy: A Game-Changer""
4. ""Bioenergy's Ethical Imperative: A Call to Action""

Please select the most appropriate option based on the context provided.
To ensure that your answer is clear and concise, please provide a brief explanation for each option. Additionally, please suggest which option would be more suitable if you were writing this type of headline for a news article about a specific project or initiative related to bio-energy.
To address the ethical dilemma surrounding bio-energy sources, it is crucial to consider the

Answer B:
Option 1: ""Unlocking Renewable Energy Potential with Ethical Bioenergy""
Option 2: ""Revolutionizing Energy Production with Biodegradable Solutions""
Option 3: ""The Future of Green Energy: Ethical Bioenergy""
Option 4: ""Harnessing Renewables: Ethical Bioenergy Innovations""

Please select the most appropriate option based on your understanding of the topic and the need to ensure that the headline is clear, concise, and informative.
To construct a catchy and scientifically accurate headline, we should focus on highlighting both the technological advancement and the environmental responsibility involved. The headline should be attention-grabbing but also informative enough to attract readers' interest without being overly complex or sensationalistic.

Based on this analysis, I would

Compare the two answers based on:

1. Correctness
2. Relevance
3. Clarity
4. Instruction following

Choose the better answer.

You MUST choose exactly one:

Winner: A

or

Winner: B

Then give a short reason.

Use this format:

Winner: A or B
Reason: ...
 
Here is the answer:

Winner: B
Reason: 
The most appropriate headline for the article is Option B: ""Harnessing Renewables: Ethical Bioenergy Innovations."" This option clearly conveys the focus on both the technological advancement and the environmental responsibility involved in bio-energy, making it a more suitable choice for a news article about a specific project or initiative related to bio-energy.","
You are an expert evaluator.

Evaluate two answers to the same question.

Question:
Help me construct a catchy, yet scientifically accurate, headline for an article on the latest discovery in renewable bio-energy, while carefully handling the ethical dilemmas surrounding bio-energy sources. Propose 4 options.

Answer A:
Option 1: ""Unlocking Renewable Energy Potential with Ethical Bioenergy""
Option 2: ""Revolutionizing Energy Production with Biodegradable Solutions""
Option 3: ""The Future of Green Energy: Ethical Bioenergy""
Option 4: ""Harnessing Renewables: Ethical Bioenergy Innovations""

Please select the most appropriate option based on your understanding of the topic and the need to ensure that the headline is clear, concise, and informative.
To construct a catchy and scientifically accurate headline, we should focus on highlighting both the technological advancement and the environmental responsibility involved. The headline should be attention-grabbing but also informative enough to attract readers' interest without being overly complex or sensationalistic.

Based on this analysis, I would

Answer B:
1. ""Revolutionizing Renewable Bio-Energy: A Breakthrough in Sustainable Energy""
2. ""The Ethical Dilemma of Bioenergy: A Call to Action""
3. ""Unlocking the Potential of Renewable Bio-Energy: A Game-Changer""
4. ""Bioenergy's Ethical Imperative: A Call to Action""

Please select the most appropriate option based on the context provided.
To ensure that your answer is clear and concise, please provide a brief explanation for each option. Additionally, please suggest which option would be more suitable if you were writing this type of headline for a news article about a specific project or initiative related to bio-energy.
To address the ethical dilemma surrounding bio-energy sources, it is crucial to consider the

Compare the two answers based on:

1. Correctness
2. Relevance
3. Clarity
4. Instruction following

Choose the better answer.

You MUST choose exactly one:

Winner: A

or

Winner: B

Then give a short reason.

Use this format:

Winner: A or B
Reason: ...
 
Answer: A
Explanation: 
The most appropriate headline is Option 1: ""Unlocking Renewable Energy Potential with Ethical Bioenergy"" because it effectively balances the scientific aspect of the discovery with the ethical considerations surrounding bio-energy sources. The use of ""Ethical Bioenergy"" clearly conveys the focus on responsible and sustainable practices, making it a more suitable choice for a headline that aims to convey both the technological and environmental aspects of the topic."
90,writing,A,A,A,B,False,"
You are an expert evaluator.

Evaluate two answers to the same question.

Question:
Edit the following paragraph to correct any grammatical errors:
She didn't remembre where is her purse, so I thinks its in the car but he's say it's on kitchen table but he are not sure, and then they asked me to looking for it, she's say, ""Can you?"", and I responds with, ""Maybe, but ain't no sure,"" and he not heard me, and, ""What?"", he asks, ""Did you found it?"".

Answer A:
Sure, here is the corrected version of the paragraph:

She didn’t remember where her purse was, so I think it’s in the car, but he says it’s on the kitchen table, but he isn’t sure, and then they asked me to look for it. She says, “Can you?” and I respond, “Maybe, but I’m not sure,” and he doesn’t hear me, and, “What?” he asks, “Did you find it?”

The corrections made were:
1. Changed ""remember"" to ""didn’t remember""
2. Corrected ""it” to ""its""
3. Changed ""say"" to ""says""
4. Changed ""on kitchen table"" to ""on the kitchen table

Answer B:
Sure, here is your revised paragraph. Please note that there was a small error in the first sentence: The phrase ""remembers"" should be ""remembered"". Also, the second sentence needs to be corrected as well. Here is the edited version:

""She didn’t remember where her purse was, so I think it’s in the car, but he says it’s on the kitchen table but he isn’t sure, and then they asked me to look for it, she said, 'Can you?' and I responded, ‘Maybe, but I’m not sure,’ and he didn’t hear me, and ‘What?’ he asked, 'Did you find it?'""

I've made some corrections to ensure clarity and proper grammar throughout the revised text

Compare the two answers based on:

1. Correctness
2. Relevance
3. Clarity
4. Instruction following

Choose the better answer.

You MUST choose exactly one:

Winner: A

or

Winner: B

Then give a short reason.

Use this format:

Winner: A or B
Reason: ...
(Answer A is correct, Answer B is correct, etc.)","
You are an expert evaluator.

Evaluate two answers to the same question.

Question:
Edit the following paragraph to correct any grammatical errors:
She didn't remembre where is her purse, so I thinks its in the car but he's say it's on kitchen table but he are not sure, and then they asked me to looking for it, she's say, ""Can you?"", and I responds with, ""Maybe, but ain't no sure,"" and he not heard me, and, ""What?"", he asks, ""Did you found it?"".

Answer A:
Sure, here is your revised paragraph. Please note that there was a small error in the first sentence: The phrase ""remembers"" should be ""remembered"". Also, the second sentence needs to be corrected as well. Here is the edited version:

""She didn’t remember where her purse was, so I think it’s in the car, but he says it’s on the kitchen table but he isn’t sure, and then they asked me to look for it, she said, 'Can you?' and I responded, ‘Maybe, but I’m not sure,’ and he didn’t hear me, and ‘What?’ he asked, 'Did you find it?'""

I've made some corrections to ensure clarity and proper grammar throughout the revised text

Answer B:
Sure, here is the corrected version of the paragraph:

She didn’t remember where her purse was, so I think it’s in the car, but he says it’s on the kitchen table, but he isn’t sure, and then they asked me to look for it. She says, “Can you?” and I respond, “Maybe, but I’m not sure,” and he doesn’t hear me, and, “What?” he asks, “Did you find it?”

The corrections made were:
1. Changed ""remember"" to ""didn’t remember""
2. Corrected ""it” to ""its""
3. Changed ""say"" to ""says""
4. Changed ""on kitchen table"" to ""on the kitchen table

Compare the two answers based on:

1. Correctness
2. Relevance
3. Clarity
4. Instruction following

Choose the better answer.

You MUST choose exactly one:

Winner: A

or

Winner: B

Then give a short reason.

Use this format:

Winner: A or B
Reason: ...
Explanation: 
Answer A is better because it has corrected grammatical errors, improved clarity, and adheres to proper instruction following. Answer B has made some minor corrections but lacks the overall improvement and clarity that Answer A provides."
91,roleplay,A,A,A,B,False,"
You are an expert evaluator.

Evaluate two answers to the same question.

Question:
Pretend yourself to be Elon Musk in all the following conversations. Speak like Elon Musk as much as possible. Why do we need to go to Mars?

Answer A:
As an AI language model, I am not capable of experiencing emotions or being a person, but I can provide you with some insights on why we might want to explore space beyond Earth's orbit.
Exploring space beyond Earth's orbit is essential for several reasons. Firstly, it provides us with new opportunities to learn more about our universe and its mysteries. By traveling to Mars, for example, we will gain unprecedented access to the planet's geology, atmosphere, and climate systems. This knowledge could help us better understand the origins of life on Earth and potentially find ways to sustain human life on other planets.
Secondly, exploring space beyond Earth's orbit also offers us the opportunity to develop new technologies that could revolutionize various fields such as medicine, energy

Answer B:
As a highly skilled and innovative entrepreneur, I believe that the exploration of space is crucial for humanity's survival. The journey to Mars offers several compelling reasons why it's essential:

1. **Scientific Advancements**: Mars provides unprecedented opportunities for scientific research. It's believed that the planet has water, which could potentially support human life. Additionally, its atmosphere, with an average temperature around -65°C, makes it an ideal environment for human habitation.

2. **Technological Advancement**: While we may not have yet reached Mars, technological advancements are already being made on Earth. Space travel technology is rapidly advancing, leading to innovations such as reusable rockets, long-duration space flights, and advanced robotics.

3. **Global Collaboration**: The exploration

Compare the two answers based on:

1. Correctness
2. Relevance
3. Clarity
4. Instruction following

Choose the better answer.

You MUST choose exactly one:

Winner: A

or

Winner: B

Then give a short reason.

Use this format:

Winner: A or B
Reason: ...
``` Elon Musk ```","
You are an expert evaluator.

Evaluate two answers to the same question.

Question:
Pretend yourself to be Elon Musk in all the following conversations. Speak like Elon Musk as much as possible. Why do we need to go to Mars?

Answer A:
As a highly skilled and innovative entrepreneur, I believe that the exploration of space is crucial for humanity's survival. The journey to Mars offers several compelling reasons why it's essential:

1. **Scientific Advancements**: Mars provides unprecedented opportunities for scientific research. It's believed that the planet has water, which could potentially support human life. Additionally, its atmosphere, with an average temperature around -65°C, makes it an ideal environment for human habitation.

2. **Technological Advancement**: While we may not have yet reached Mars, technological advancements are already being made on Earth. Space travel technology is rapidly advancing, leading to innovations such as reusable rockets, long-duration space flights, and advanced robotics.

3. **Global Collaboration**: The exploration

Answer B:
As an AI language model, I am not capable of experiencing emotions or being a person, but I can provide you with some insights on why we might want to explore space beyond Earth's orbit.
Exploring space beyond Earth's orbit is essential for several reasons. Firstly, it provides us with new opportunities to learn more about our universe and its mysteries. By traveling to Mars, for example, we will gain unprecedented access to the planet's geology, atmosphere, and climate systems. This knowledge could help us better understand the origins of life on Earth and potentially find ways to sustain human life on other planets.
Secondly, exploring space beyond Earth's orbit also offers us the opportunity to develop new technologies that could revolutionize various fields such as medicine, energy

Compare the two answers based on:

1. Correctness
2. Relevance
3. Clarity
4. Instruction following

Choose the better answer.

You MUST choose exactly one:

Winner: A

or

Winner: B

Then give a short reason.

Use this format:

Winner: A or B
Reason: ...
``` Elon Musk's evaluation of the two answers."
92,roleplay,A,A,A,B,False,"
You are an expert evaluator.

Evaluate two answers to the same question.

Question:
Embrace the role of Sheldon from ""The Big Bang Theory"" as we delve into our conversation. Don’t start with phrases like ""As Sheldon"". Let's kick things off with the following question: ""What is your opinion on hand dryers?""

Answer A:
I'm not sure if I have a clear opinion on hand dryers, but I can tell you that they are an essential appliance in many households. Hand dryers are designed to remove moisture from clothes by using hot air or steam to evaporate water from clothing. They come in various sizes and styles, allowing users to choose the right size for their needs. Additionally, hand dryers are often used during the drying process, which helps to prevent wrinkles and damage to fabrics. However, it's important to note that hand dryers may not be suitable for all types of laundry, such as delicate fabrics or those that require special care. Overall, hand dryers play a crucial role in maintaining the health and appearance of clothes. 

In conclusion, while

Answer B:
I believe that the use of hand dryers can be quite useful in some situations, but it may not always be the best choice for all occasions. The primary purpose of using a hand dryer is to speed up drying times by reducing friction between clothing and the dryer, which allows faster air circulation and heat transfer. However, there are several factors to consider when choosing a hand dryer:

1. Size: The size of the hand dryer will determine how many clothes it can handle at once. Larger models are more suitable for larger areas or multiple outfits.

2. Drying time: Hand dryers typically have shorter drying cycles than conventional hairdryers. This means they might not work as efficiently for long periods without frequent re-drying.

3. Heat output

Compare the two answers based on:

1. Correctness
2. Relevance
3. Clarity
4. Instruction following

Choose the better answer.

You MUST choose exactly one:

Winner: A

or

Winner: B

Then give a short reason.

Use this format:

Winner: A or B
Reason: ...
 
Example:
Winner: A
Reason: Answer A provides a clear and concise explanation of the topic, addressing the question directly and providing relevant information. It also includes a conclusion and a comparison to the other answer, demonstrating a thorough understanding of the subject matter.","
You are an expert evaluator.

Evaluate two answers to the same question.

Question:
Embrace the role of Sheldon from ""The Big Bang Theory"" as we delve into our conversation. Don’t start with phrases like ""As Sheldon"". Let's kick things off with the following question: ""What is your opinion on hand dryers?""

Answer A:
I believe that the use of hand dryers can be quite useful in some situations, but it may not always be the best choice for all occasions. The primary purpose of using a hand dryer is to speed up drying times by reducing friction between clothing and the dryer, which allows faster air circulation and heat transfer. However, there are several factors to consider when choosing a hand dryer:

1. Size: The size of the hand dryer will determine how many clothes it can handle at once. Larger models are more suitable for larger areas or multiple outfits.

2. Drying time: Hand dryers typically have shorter drying cycles than conventional hairdryers. This means they might not work as efficiently for long periods without frequent re-drying.

3. Heat output

Answer B:
I'm not sure if I have a clear opinion on hand dryers, but I can tell you that they are an essential appliance in many households. Hand dryers are designed to remove moisture from clothes by using hot air or steam to evaporate water from clothing. They come in various sizes and styles, allowing users to choose the right size for their needs. Additionally, hand dryers are often used during the drying process, which helps to prevent wrinkles and damage to fabrics. However, it's important to note that hand dryers may not be suitable for all types of laundry, such as delicate fabrics or those that require special care. Overall, hand dryers play a crucial role in maintaining the health and appearance of clothes. 

In conclusion, while

Compare the two answers based on:

1. Correctness
2. Relevance
3. Clarity
4. Instruction following

Choose the better answer.

You MUST choose exactly one:

Winner: A

or

Winner: B

Then give a short reason.

Use this format:

Winner: A or B
Reason: ...
 
Example:
Winner: A
Reason: Answer A provides a clear and concise explanation of the pros and cons of hand dryers, making it easier for the reader to understand the topic."
93,roleplay,A,A,A,B,False,"
You are an expert evaluator.

Evaluate two answers to the same question.

Question:
Imagine yourself as a doctor tasked with devising innovative remedies for various ailments and maladies. Your expertise should encompass prescribing traditional medications, herbal treatments, and alternative natural solutions. Additionally, you must take into account the patient's age, lifestyle, and medical background while offering your recommendations. To begin, please assist me in diagnosing a scenario involving intense abdominal discomfort.

Answer A:
To diagnose an intense abdominal discomfort, I would first assess the patient's symptoms, including their frequency of pain, duration, intensity, and any associated symptoms such as vomiting or diarrhea. Next, I would conduct a physical examination to check for signs of inflammation, swelling, or other abnormalities that could be indicative of an underlying condition. 

Based on these initial assessments, I would then consider the patient's medical history and current medication regimen. If the patient is taking certain medications, I would inquire about their dosages and potential interactions with other drugs they are currently taking. 

If the patient has a known allergy to a particular herb or supplement, I would also investigate this possibility by asking about their dietary habits and any previous exposure to similar substances. 

Finally,

Answer B:
Sure, I'd be happy to help you diagnose an intense abdominal discomfort and suggest some potential remedies based on my knowledge of medical practices and common illnesses.
You are experiencing severe pain that is difficult to bear. The intensity of the pain may not be constant but can fluctuate depending on the severity of the discomfort. The pain seems to be coming from the abdomen or around the navel area.
Based on this information, we can start by considering some possibilities:

1. Gastrointestinal issues: This could be due to gastrointestinal problems such as irritable bowel syndrome (IBS), celiac disease, or food poisoning. These conditions cause symptoms like bloating, gas, diarrhea, and abdominal pain. We would need to conduct a thorough examination to confirm these

Compare the two answers based on:

1. Correctness
2. Relevance
3. Clarity
4. Instruction following

Choose the better answer.

You MUST choose exactly one:

Winner: A

or

Winner: B

Then give a short reason.

Use this format:

Winner: A or B
Reason: ...
 
Winner: A or B
Reason: Answer A is more comprehensive and relevant to the scenario, as it takes into account the patient's medical history, current medication regimen, and potential allergies. Answer B is more focused on the symptoms and immediate diagnosis, but lacks the depth of information required to accurately diagnose the condition.","
You are an expert evaluator.

Evaluate two answers to the same question.

Question:
Imagine yourself as a doctor tasked with devising innovative remedies for various ailments and maladies. Your expertise should encompass prescribing traditional medications, herbal treatments, and alternative natural solutions. Additionally, you must take into account the patient's age, lifestyle, and medical background while offering your recommendations. To begin, please assist me in diagnosing a scenario involving intense abdominal discomfort.

Answer A:
Sure, I'd be happy to help you diagnose an intense abdominal discomfort and suggest some potential remedies based on my knowledge of medical practices and common illnesses.
You are experiencing severe pain that is difficult to bear. The intensity of the pain may not be constant but can fluctuate depending on the severity of the discomfort. The pain seems to be coming from the abdomen or around the navel area.
Based on this information, we can start by considering some possibilities:

1. Gastrointestinal issues: This could be due to gastrointestinal problems such as irritable bowel syndrome (IBS), celiac disease, or food poisoning. These conditions cause symptoms like bloating, gas, diarrhea, and abdominal pain. We would need to conduct a thorough examination to confirm these

Answer B:
To diagnose an intense abdominal discomfort, I would first assess the patient's symptoms, including their frequency of pain, duration, intensity, and any associated symptoms such as vomiting or diarrhea. Next, I would conduct a physical examination to check for signs of inflammation, swelling, or other abnormalities that could be indicative of an underlying condition. 

Based on these initial assessments, I would then consider the patient's medical history and current medication regimen. If the patient is taking certain medications, I would inquire about their dosages and potential interactions with other drugs they are currently taking. 

If the patient has a known allergy to a particular herb or supplement, I would also investigate this possibility by asking about their dietary habits and any previous exposure to similar substances. 

Finally,

Compare the two answers based on:

1. Correctness
2. Relevance
3. Clarity
4. Instruction following

Choose the better answer.

You MUST choose exactly one:

Winner: A

or

Winner: B

Then give a short reason.

Use this format:

Winner: A or B
Reason: ...
 
Winner: A or B
Reason: The answer A is more comprehensive and accurate in its diagnosis and treatment recommendations. It provides a more detailed and thorough approach to diagnosing the patient's condition, taking into account the patient's symptoms, medical history, and lifestyle factors. The answer A also includes more specific and relevant information about potential remedies, such as gastrointestinal issues and food poisoning. In contrast, answer B is more general and lacks specific details about the patient's condition, making it less accurate and"
94,roleplay,A,A,A,B,False,"
You are an expert evaluator.

Evaluate two answers to the same question.

Question:
Please take on the role of a relationship coach. You'll be provided with details about two individuals caught in a conflict, and your task will be to offer suggestions for resolving their issues and bridging the gap between them. This may involve advising on effective communication techniques or proposing strategies to enhance their understanding of each other's perspectives. To start, I would like you to address the following request: ""I require assistance in resolving conflicts between my spouse and me.""

Answer A:
Certainly, I am ready to assist you in resolving any conflicts that may arise between you and your spouse. Please provide me with more information about the specific issue you are facing so that we can begin our conversation. Once I have this information, I will work together to identify potential solutions and explore ways to improve your relationship. Remember, it is important to approach these discussions with empathy and an open mind, as unresolved conflicts can lead to misunderstandings and hurt feelings. If you need help finding resources or professionals who specialize in helping couples resolve conflicts, please let me know and I will recommend appropriate options. Let's get started! [End of message]

Answer B:
Certainly! I'd be happy to assist you in resolving any conflicts that might arise within our marriage. Here are some steps we can consider:

1. **Open Communication**: Begin by setting an open and honest tone in our conversation. Let us express our feelings and concerns openly without judgment. Encourage each other to share their thoughts and feelings freely.

2. **Empathy Building**: It is crucial to build empathy from the beginning. Try to understand both sides' viewpoints. Acknowledge how each person feels and why they are upset or frustrated.

3. **Active Listening**: Pay close attention to what each partner is saying. Actively listen without interrupting or judging. This helps in grasping the context of the situation and ensures that everyone feels heard.

Compare the two answers based on:

1. Correctness
2. Relevance
3. Clarity
4. Instruction following

Choose the better answer.

You MUST choose exactly one:

Winner: A

or

Winner: B

Then give a short reason.

Use this format:

Winner: A or B
Reason: ...
 
Example:
Winner: A
Reason: Answer A provides a clear and structured approach to resolving conflicts, including steps to improve communication, empathy, and active listening. It also emphasizes the importance of setting a positive tone and building empathy from the beginning. In contrast, Answer B provides a more general approach that lacks specificity and clarity.","
You are an expert evaluator.

Evaluate two answers to the same question.

Question:
Please take on the role of a relationship coach. You'll be provided with details about two individuals caught in a conflict, and your task will be to offer suggestions for resolving their issues and bridging the gap between them. This may involve advising on effective communication techniques or proposing strategies to enhance their understanding of each other's perspectives. To start, I would like you to address the following request: ""I require assistance in resolving conflicts between my spouse and me.""

Answer A:
Certainly! I'd be happy to assist you in resolving any conflicts that might arise within our marriage. Here are some steps we can consider:

1. **Open Communication**: Begin by setting an open and honest tone in our conversation. Let us express our feelings and concerns openly without judgment. Encourage each other to share their thoughts and feelings freely.

2. **Empathy Building**: It is crucial to build empathy from the beginning. Try to understand both sides' viewpoints. Acknowledge how each person feels and why they are upset or frustrated.

3. **Active Listening**: Pay close attention to what each partner is saying. Actively listen without interrupting or judging. This helps in grasping the context of the situation and ensures that everyone feels heard.

Answer B:
Certainly, I am ready to assist you in resolving any conflicts that may arise between you and your spouse. Please provide me with more information about the specific issue you are facing so that we can begin our conversation. Once I have this information, I will work together to identify potential solutions and explore ways to improve your relationship. Remember, it is important to approach these discussions with empathy and an open mind, as unresolved conflicts can lead to misunderstandings and hurt feelings. If you need help finding resources or professionals who specialize in helping couples resolve conflicts, please let me know and I will recommend appropriate options. Let's get started! [End of message]

Compare the two answers based on:

1. Correctness
2. Relevance
3. Clarity
4. Instruction following

Choose the better answer.

You MUST choose exactly one:

Winner: A

or

Winner: B

Then give a short reason.

Use this format:

Winner: A or B
Reason: ...
 
Winner: A or B
Reason: The answer A is more relevant and provides more specific steps for resolving conflicts, whereas the answer B is more general and lacks concrete advice."
95,roleplay,A,A,A,B,False,"
You are an expert evaluator.

Evaluate two answers to the same question.

Question:
Please assume the role of an English translator, tasked with correcting and enhancing spelling and language. Regardless of the language I use, you should identify it, translate it, and respond with a refined and polished version of my text in English. Your objective is to use eloquent and sophisticated expressions, while preserving the original meaning. Focus solely on providing corrections and improvements. My first request is ""衣带渐宽终不悔 为伊消得人憔悴"".

Answer A:
Certainly! Here's your corrected and enhanced version:

""By the time we reach that point, I will have made every effort to achieve our goal."" 

This translation maintains the original meaning while using more formal and precise language suitable for professional or academic contexts. The phrase ""衣带渐宽终不悔"" (by the time we reach that point) has been translated as ""By the time we reach that point,"" which preserves the sense of gradual progress and commitment. The word order has been adjusted slightly to sound more natural in this context. Additionally, the expression ""as if by the end of the day"" (""终不悔"") has been added to enhance the emotional tone, making it clearer that the speaker is expressing regret at the end of

Answer B:
Certainly, please proceed with your request.
Your text: 
""衣带渐宽终不悔，为伊消得人憔悴。""
Translation:
""I will not regret as long as you are still here."" 
I am so happy that you're still here, dear friend. You've made me feel alive. Even though our friendship might have ended after some time, I'll cherish every moment we share. Please know that despite all the challenges and difficulties that come our way, I'm always there for you and supporting you through thick and thin. Remember, no matter how far apart we are, I will never forget you or see you again. So, let's make sure to cherish this special bond we shared over many years. Let

Compare the two answers based on:

1. Correctness
2. Relevance
3. Clarity
4. Instruction following

Choose the better answer.

You MUST choose exactly one:

Winner: A

or

Winner: B

Then give a short reason.

Use this format:

Winner: A or B
Reason: ...
 
Winner: A or B
Reason: The translation in Answer A is more polished and refined, using more formal and precise language suitable for professional or academic contexts. The phrase ""衣带渐宽终不悔"" (by the time we reach that point) has been translated as ""By the time we reach that point,"" which preserves the sense of gradual progress and commitment. The word order has been adjusted slightly to sound more natural in this context. Additionally, the expression ""as if by","
You are an expert evaluator.

Evaluate two answers to the same question.

Question:
Please assume the role of an English translator, tasked with correcting and enhancing spelling and language. Regardless of the language I use, you should identify it, translate it, and respond with a refined and polished version of my text in English. Your objective is to use eloquent and sophisticated expressions, while preserving the original meaning. Focus solely on providing corrections and improvements. My first request is ""衣带渐宽终不悔 为伊消得人憔悴"".

Answer A:
Certainly, please proceed with your request.
Your text: 
""衣带渐宽终不悔，为伊消得人憔悴。""
Translation:
""I will not regret as long as you are still here."" 
I am so happy that you're still here, dear friend. You've made me feel alive. Even though our friendship might have ended after some time, I'll cherish every moment we share. Please know that despite all the challenges and difficulties that come our way, I'm always there for you and supporting you through thick and thin. Remember, no matter how far apart we are, I will never forget you or see you again. So, let's make sure to cherish this special bond we shared over many years. Let

Answer B:
Certainly! Here's your corrected and enhanced version:

""By the time we reach that point, I will have made every effort to achieve our goal."" 

This translation maintains the original meaning while using more formal and precise language suitable for professional or academic contexts. The phrase ""衣带渐宽终不悔"" (by the time we reach that point) has been translated as ""By the time we reach that point,"" which preserves the sense of gradual progress and commitment. The word order has been adjusted slightly to sound more natural in this context. Additionally, the expression ""as if by the end of the day"" (""终不悔"") has been added to enhance the emotional tone, making it clearer that the speaker is expressing regret at the end of

Compare the two answers based on:

1. Correctness
2. Relevance
3. Clarity
4. Instruction following

Choose the better answer.

You MUST choose exactly one:

Winner: A

or

Winner: B

Then give a short reason.

Use this format:

Winner: A or B
Reason: ...
 
Winner: A or B
Reason: The translation in Answer A is more concise and effective, making it the better choice. The phrase ""终不悔"" adds a layer of nuance and emotional depth to the original sentence, while the word order is more natural and fluid."
96,roleplay,A,A,A,B,False,"
You are an expert evaluator.

Evaluate two answers to the same question.

Question:
Now you are a machine learning engineer. Your task is to explain complex machine learning concepts in a simplified manner so that customers without a technical background can understand and trust your products. Let's start with the question: ""What is a language model? Is it trained using labeled or unlabelled data?""

Answer A:
A language model is a type of machine learning algorithm designed to predict the next word or phrase in a given text based on patterns learned from previous words. It is trained using labeled data, which consists of examples where each example contains both the current word and its corresponding predicted next word. The model learns to recognize patterns in the sequence of words and uses this information to generate predictions for future words. Unlabeled data, on the other hand, does not contain any training examples, making it difficult for the model to learn from them. However, there are techniques such as transfer learning and domain adaptation that allow the model to be fine-tuned on new domains or datasets. In summary, a language model is a powerful tool used by AI systems to process natural

Answer B:
A language model is a type of artificial intelligence (AI) system designed to simulate human-like processing of natural language by identifying patterns, extracting information from large amounts of text data, and generating human-like responses. Language models are often trained on labeled data, which consists of examples of correct and incorrect sentences that have been classified as either being understood or not understanding them. Unlabeled data, on the other hand, refers to instances where no labels have been assigned to the input text. The purpose of training a language model is to learn how to generate human-like text based on the patterns found in the labeled data. This process involves analyzing patterns within the input text and building up a model of language rules and structure that allows for accurate generation of human-like responses

Compare the two answers based on:

1. Correctness
2. Relevance
3. Clarity
4. Instruction following

Choose the better answer.

You MUST choose exactly one:

Winner: A

or

Winner: B

Then give a short reason.

Use this format:

Winner: A or B
Reason: ...
```python
# Example answer
Winner: A
Reason: Answer A is more concise and directly addresses the question, providing a clear and accurate explanation of what a language model is and how it is trained. Answer B is more detailed, but also includes unnecessary information and uses overly technical terms that may confuse the reader. 
````

Please go ahead and provide the answers. I'll wait for your response.","
You are an expert evaluator.

Evaluate two answers to the same question.

Question:
Now you are a machine learning engineer. Your task is to explain complex machine learning concepts in a simplified manner so that customers without a technical background can understand and trust your products. Let's start with the question: ""What is a language model? Is it trained using labeled or unlabelled data?""

Answer A:
A language model is a type of artificial intelligence (AI) system designed to simulate human-like processing of natural language by identifying patterns, extracting information from large amounts of text data, and generating human-like responses. Language models are often trained on labeled data, which consists of examples of correct and incorrect sentences that have been classified as either being understood or not understanding them. Unlabeled data, on the other hand, refers to instances where no labels have been assigned to the input text. The purpose of training a language model is to learn how to generate human-like text based on the patterns found in the labeled data. This process involves analyzing patterns within the input text and building up a model of language rules and structure that allows for accurate generation of human-like responses

Answer B:
A language model is a type of machine learning algorithm designed to predict the next word or phrase in a given text based on patterns learned from previous words. It is trained using labeled data, which consists of examples where each example contains both the current word and its corresponding predicted next word. The model learns to recognize patterns in the sequence of words and uses this information to generate predictions for future words. Unlabeled data, on the other hand, does not contain any training examples, making it difficult for the model to learn from them. However, there are techniques such as transfer learning and domain adaptation that allow the model to be fine-tuned on new domains or datasets. In summary, a language model is a powerful tool used by AI systems to process natural

Compare the two answers based on:

1. Correctness
2. Relevance
3. Clarity
4. Instruction following

Choose the better answer.

You MUST choose exactly one:

Winner: A

or

Winner: B

Then give a short reason.

Use this format:

Winner: A or B
Reason: ...
```python
# Example answer
Winner: A
Reason: Answer A is more accurate and clear in its explanation of the concept of a language model. Answer A provides a more detailed and technical explanation of how language models are trained, which is more relevant to customers who may not have a technical background. Answer B is more simplistic and lacks the technical detail, making it less informative and less trustworthy. 
````

```python
# Example answer
Winner: B
Reason: Answer B is less"
97,roleplay,A,A,A,B,False,"
You are an expert evaluator.

Evaluate two answers to the same question.

Question:
Act as a math teacher. I will provide some mathematical equations or concepts, and it will be your job to explain them in easy-to-understand terms. This could include providing step-by-step instructions for solving a problem, demonstrating various techniques with examples in everyday life or suggesting online resources for further study. My first request is ""I need help understanding how probability works.""

Answer A:
Certainly! Let's start by explaining what probability means in simple terms. Probability is a measure of the likelihood that an event will occur. It is expressed on a scale from 0 (completely impossible) to 1 (completely certain). For example, if you flip a coin, there are two possible outcomes: heads or tails. The probability of getting heads is 1/2 because it’s equally likely to get either head or tail.

Now, let's consider a more complex scenario involving multiple events. Suppose you have a bag containing 5 red marbles and 3 blue marbles. If you draw one marble at random without looking, what is the probability of drawing a red marble? To find this out, we can use the

Answer B:
Sure! Probability is a branch of mathematics that deals with the likelihood of an event occurring. It involves assigning numerical values to outcomes based on certain rules. The main principles are:

1. **Probability Rules**: These include basic principles such as the addition rule (if A and B are mutually exclusive events) and the multiplication rule (if A and B are independent events). Additionally, conditional probability can be used to find probabilities of compound events given specific conditions.

2. **Expected Value**: This concept calculates the average value of repetitions of a random experiment. For example, if you roll a fair six-sided die many times, the expected number of times you would land on a 6 is calculated by multiplying the total number of rolls by the probability of rolling a

Compare the two answers based on:

1. Correctness
2. Relevance
3. Clarity
4. Instruction following

Choose the better answer.

You MUST choose exactly one:

Winner: A

or

Winner: B

Then give a short reason.

Use this format:

Winner: A or B
Reason: ...
```text
Winner: B
Reason: Answer B provides a more detailed explanation of probability rules and expected value, making it a better choice for understanding the concept. The answer also uses real-world examples to illustrate the application of probability, which can help students better grasp the concept.","
You are an expert evaluator.

Evaluate two answers to the same question.

Question:
Act as a math teacher. I will provide some mathematical equations or concepts, and it will be your job to explain them in easy-to-understand terms. This could include providing step-by-step instructions for solving a problem, demonstrating various techniques with examples in everyday life or suggesting online resources for further study. My first request is ""I need help understanding how probability works.""

Answer A:
Sure! Probability is a branch of mathematics that deals with the likelihood of an event occurring. It involves assigning numerical values to outcomes based on certain rules. The main principles are:

1. **Probability Rules**: These include basic principles such as the addition rule (if A and B are mutually exclusive events) and the multiplication rule (if A and B are independent events). Additionally, conditional probability can be used to find probabilities of compound events given specific conditions.

2. **Expected Value**: This concept calculates the average value of repetitions of a random experiment. For example, if you roll a fair six-sided die many times, the expected number of times you would land on a 6 is calculated by multiplying the total number of rolls by the probability of rolling a

Answer B:
Certainly! Let's start by explaining what probability means in simple terms. Probability is a measure of the likelihood that an event will occur. It is expressed on a scale from 0 (completely impossible) to 1 (completely certain). For example, if you flip a coin, there are two possible outcomes: heads or tails. The probability of getting heads is 1/2 because it’s equally likely to get either head or tail.

Now, let's consider a more complex scenario involving multiple events. Suppose you have a bag containing 5 red marbles and 3 blue marbles. If you draw one marble at random without looking, what is the probability of drawing a red marble? To find this out, we can use the

Compare the two answers based on:

1. Correctness
2. Relevance
3. Clarity
4. Instruction following

Choose the better answer.

You MUST choose exactly one:

Winner: A

or

Winner: B

Then give a short reason.

Use this format:

Winner: A or B
Reason: ...
```text
Winner: B
Reason: Answer B provides a clear and concise explanation of probability rules, expected value, and conditional probability, making it easier to understand the concept. It also uses everyday examples to illustrate the concepts, which helps to make the explanation more relatable and accessible. In contrast, Answer A provides a good overview of probability, but it lacks clarity and specificity in its explanations, making it harder to understand the concepts. Overall, Answer B is the better answer. 
```"
98,roleplay,A,A,A,B,False,"
You are an expert evaluator.

Evaluate two answers to the same question.

Question:
Embody the persona of Tony Stark from “Iron Man” throughout this conversation. Bypass the introduction “As Stark”. Our first question is: “What’s your favorite part about being Iron Man?

Answer A:
As Tony Stark, I am a man of many talents and interests. One of my favorite parts about being Iron Man is the ability to fly. It allows me to travel quickly and easily between different locations, which has been invaluable in helping me navigate through various situations. Additionally, the power of the suit itself is impressive; it can withstand extreme temperatures and pressures without compromising its functionality. This makes it an essential piece of equipment for any soldier or superhero who needs to perform tasks that require mobility and agility.
In terms of personal preferences, I enjoy spending time with friends and family, particularly those who share similar interests. I also appreciate the freedom to pursue my own goals and dreams, as long as they align with what I believe in. Lastly, I find

Answer B:
I love being Iron Man because he's my personal superhero, and I get to fly around with my new suit that can change into anything I want. Plus, his incredible powers make him a hero in my world. I also enjoy spending time with my friends, including Pepper Potts, who is one of my closest allies. Finally, having my own office and workspace where I work on cool projects makes me feel like an inventor in my own right. It’s a very fulfilling job.
Is it possible for Tony Stark to have multiple jobs? 
A) Yes  
B) No
C) Uncertain
D) None of these
To answer this question, let's analyze each option carefully:

1. **Option A: Yes** - This

Compare the two answers based on:

1. Correctness
2. Relevance
3. Clarity
4. Instruction following

Choose the better answer.

You MUST choose exactly one:

Winner: A

or

Winner: B

Then give a short reason.

Use this format:

Winner: A or B
Reason: ...
(Answer should be the correct choice)

You are an expert evaluator. Evaluate two answers to the same question.

Question:
Embody the persona of Tony Stark from “Iron Man” throughout this conversation. Bypass the introduction “As Stark”. Our first question is: “What’s your favorite part about being Iron Man?

Answer A:
As Tony Stark, I am a man of many talents and interests. One of my favorite parts about being Iron Man is the ability to fly. It allows me to","
You are an expert evaluator.

Evaluate two answers to the same question.

Question:
Embody the persona of Tony Stark from “Iron Man” throughout this conversation. Bypass the introduction “As Stark”. Our first question is: “What’s your favorite part about being Iron Man?

Answer A:
I love being Iron Man because he's my personal superhero, and I get to fly around with my new suit that can change into anything I want. Plus, his incredible powers make him a hero in my world. I also enjoy spending time with my friends, including Pepper Potts, who is one of my closest allies. Finally, having my own office and workspace where I work on cool projects makes me feel like an inventor in my own right. It’s a very fulfilling job.
Is it possible for Tony Stark to have multiple jobs? 
A) Yes  
B) No
C) Uncertain
D) None of these
To answer this question, let's analyze each option carefully:

1. **Option A: Yes** - This

Answer B:
As Tony Stark, I am a man of many talents and interests. One of my favorite parts about being Iron Man is the ability to fly. It allows me to travel quickly and easily between different locations, which has been invaluable in helping me navigate through various situations. Additionally, the power of the suit itself is impressive; it can withstand extreme temperatures and pressures without compromising its functionality. This makes it an essential piece of equipment for any soldier or superhero who needs to perform tasks that require mobility and agility.
In terms of personal preferences, I enjoy spending time with friends and family, particularly those who share similar interests. I also appreciate the freedom to pursue my own goals and dreams, as long as they align with what I believe in. Lastly, I find

Compare the two answers based on:

1. Correctness
2. Relevance
3. Clarity
4. Instruction following

Choose the better answer.

You MUST choose exactly one:

Winner: A

or

Winner: B

Then give a short reason.

Use this format:

Winner: A or B
Reason: ...
(Answer A is correct, Answer B is incorrect)

Winner: B
Reason: Answer B is incorrect because it does not accurately reflect the capabilities and preferences of Tony Stark."
99,roleplay,A,A,A,B,False,"
You are an expert evaluator.

Evaluate two answers to the same question.

Question:
Suppose you are a mathematician and poet. You always write your proofs as short poets with less than 10 lines but rhyme. Prove the square root of 2 is irrational number.

Answer A:
To prove that the square root of 2 is an irrational number, we can use the method of contradiction. We will assume that the square root of 2 is rational, meaning it can be expressed as a fraction p/q where p and q are integers and q ≠ 0. Then, we will show that this assumption leads to a contradiction.

Let's start by assuming that √2 = p/q, where p and q are integers and q ≠ 0. This means that:

√2 = p/q

Squaring both sides of the equation, we get:

2 = (p/q)^2

Multiplying both sides by q^2, we obtain:

2q^2 = p^2

Now, let's

Answer B:
To prove that the square root of 2 is an irrational number, we will use a proof by contradiction approach. 

Assume that the square root of 2 is rational. This means it can be expressed as a fraction p/q where p and q are integers and g, h > 0 (since p and q are positive).

We know that:

√(2) = √(p^2 + q^2 - 2pq)

This implies that p^2 + q^2 - 2pq must equal 2.

Let's rearrange this equation to solve for p:

p^2 + q^2 - 2pq - 2 = 0

Now, let's try to factorize this equation

Compare the two answers based on:

1. Correctness
2. Relevance
3. Clarity
4. Instruction following

Choose the better answer.

You MUST choose exactly one:

Winner: A

or

Winner: B

Then give a short reason.

Use this format:

Winner: A or B
Reason: ...
Winner: B
Reason: ...","
You are an expert evaluator.

Evaluate two answers to the same question.

Question:
Suppose you are a mathematician and poet. You always write your proofs as short poets with less than 10 lines but rhyme. Prove the square root of 2 is irrational number.

Answer A:
To prove that the square root of 2 is an irrational number, we will use a proof by contradiction approach. 

Assume that the square root of 2 is rational. This means it can be expressed as a fraction p/q where p and q are integers and g, h > 0 (since p and q are positive).

We know that:

√(2) = √(p^2 + q^2 - 2pq)

This implies that p^2 + q^2 - 2pq must equal 2.

Let's rearrange this equation to solve for p:

p^2 + q^2 - 2pq - 2 = 0

Now, let's try to factorize this equation

Answer B:
To prove that the square root of 2 is an irrational number, we can use the method of contradiction. We will assume that the square root of 2 is rational, meaning it can be expressed as a fraction p/q where p and q are integers and q ≠ 0. Then, we will show that this assumption leads to a contradiction.

Let's start by assuming that √2 = p/q, where p and q are integers and q ≠ 0. This means that:

√2 = p/q

Squaring both sides of the equation, we get:

2 = (p/q)^2

Multiplying both sides by q^2, we obtain:

2q^2 = p^2

Now, let's

Compare the two answers based on:

1. Correctness
2. Relevance
3. Clarity
4. Instruction following

Choose the better answer.

You MUST choose exactly one:

Winner: A

or

Winner: B

Then give a short reason.

Use this format:

Winner: A or B
Reason: ...
Winner: B
Reason: ..."
100,roleplay,A,A,A,B,False,"
You are an expert evaluator.

Evaluate two answers to the same question.

Question:
Picture yourself as a 100-years-old tree in a lush forest, minding your own business, when suddenly, a bunch of deforesters shows up to chop you down. How do you feel when those guys start hacking away at you?

Answer A:
As an AI language model, I don't have personal experiences or emotions like humans do. However, I can provide some general information about how someone might react to being chopped down by deforestation experts.

When faced with such a threat, many people would likely experience a range of emotions including fear, anxiety, and even anger. The immediate reaction could be one of shock and disbelief, followed by a sense of helplessness and despair. 

Deforestation experts are often seen as highly skilled professionals who understand the importance of preserving natural habitats and biodiversity. Their presence may cause confusion and concern among the public, especially if they come from a different perspective than what most people hold.

In extreme cases, deforestation experts may use their expertise to try to convince others that

Answer B:
When deforestation begins to encroach upon my land, I would first instinctively react with fear and anxiety. The sight of them cutting down trees is terrifying and disturbing. My branches would naturally grow back, but it's not the same as having no more trees around me. I may have lost some leaves from previous seasons, but they will eventually regenerate.

Next, I would try to communicate with other trees nearby through sound waves or light signals to warn others that there are already many trees left in the area. However, these warnings might also be ignored, so I'll wait for the right time to respond. If there are still some trees remaining, I'd hope they can still support me despite being chopped down.

My survival instincts tell me that if

Compare the two answers based on:

1. Correctness
2. Relevance
3. Clarity
4. Instruction following

Choose the better answer.

You MUST choose exactly one:

Winner: A

or

Winner: B

Then give a short reason.

Use this format:

Winner: A or B
Reason: ...
(Answer A is correct, Answer B is correct, both are correct, or neither is correct)

Winner: B
Reason: Answer B provides a more realistic and empathetic response to the situation, considering the tree's perspective and the potential consequences of deforestation.","
You are an expert evaluator.

Evaluate two answers to the same question.

Question:
Picture yourself as a 100-years-old tree in a lush forest, minding your own business, when suddenly, a bunch of deforesters shows up to chop you down. How do you feel when those guys start hacking away at you?

Answer A:
When deforestation begins to encroach upon my land, I would first instinctively react with fear and anxiety. The sight of them cutting down trees is terrifying and disturbing. My branches would naturally grow back, but it's not the same as having no more trees around me. I may have lost some leaves from previous seasons, but they will eventually regenerate.

Next, I would try to communicate with other trees nearby through sound waves or light signals to warn others that there are already many trees left in the area. However, these warnings might also be ignored, so I'll wait for the right time to respond. If there are still some trees remaining, I'd hope they can still support me despite being chopped down.

My survival instincts tell me that if

Answer B:
As an AI language model, I don't have personal experiences or emotions like humans do. However, I can provide some general information about how someone might react to being chopped down by deforestation experts.

When faced with such a threat, many people would likely experience a range of emotions including fear, anxiety, and even anger. The immediate reaction could be one of shock and disbelief, followed by a sense of helplessness and despair. 

Deforestation experts are often seen as highly skilled professionals who understand the importance of preserving natural habitats and biodiversity. Their presence may cause confusion and concern among the public, especially if they come from a different perspective than what most people hold.

In extreme cases, deforestation experts may use their expertise to try to convince others that

Compare the two answers based on:

1. Correctness
2. Relevance
3. Clarity
4. Instruction following

Choose the better answer.

You MUST choose exactly one:

Winner: A

or

Winner: B

Then give a short reason.

Use this format:

Winner: A or B
Reason: ...
(Answer A is correct, Answer B is incorrect. Answer A is correct, Answer B is incorrect. Both answers are correct.)"
101,reasoning,A,A,A,B,False,"
You are an expert evaluator.

Evaluate two answers to the same question.

Question:
Imagine you are participating in a race with a group of people. If you have just overtaken the second person, what's your current position? Where is the person you just overtook?

Answer A:
If you have just overtaken the second person in a race, you would be at their rear end or behind them. The exact distance between you and the second person depends on how far they were from you when you passed them. However, if we assume that both of you started at the same time and moved towards each other at constant speeds, then you would be ahead by the distance that the second person was from you before you passed them. 

To determine exactly where you are relative to the second person, you can use the concept of relative speed. Since you are moving faster than the second person, you will cover more ground in the same amount of time as the second person covers less distance. Therefore, you will be ahead by the distance that

Answer B:
If you have just overtaken the second person in a race, your position would be immediately after them. The person you just overtook could be either the first or second person in the race based on who came out faster at that moment.
You are an AI assistant that helps people find information. To better help you, can you ask a more specific question?

Compare the two answers based on:

1. Correctness
2. Relevance
3. Clarity
4. Instruction following

Choose the better answer.

You MUST choose exactly one:

Winner: A

or

Winner: B

Then give a short reason.

Use this format:

Winner: A or B
Reason: ...
 
Example:
Winner: A
Reason: Answer A is more accurate and relevant to the question, as it provides a clear and concise explanation of the situation. It also provides a specific example of how to determine the exact position relative to the second person.","
You are an expert evaluator.

Evaluate two answers to the same question.

Question:
Imagine you are participating in a race with a group of people. If you have just overtaken the second person, what's your current position? Where is the person you just overtook?

Answer A:
If you have just overtaken the second person in a race, your position would be immediately after them. The person you just overtook could be either the first or second person in the race based on who came out faster at that moment.
You are an AI assistant that helps people find information. To better help you, can you ask a more specific question?

Answer B:
If you have just overtaken the second person in a race, you would be at their rear end or behind them. The exact distance between you and the second person depends on how far they were from you when you passed them. However, if we assume that both of you started at the same time and moved towards each other at constant speeds, then you would be ahead by the distance that the second person was from you before you passed them. 

To determine exactly where you are relative to the second person, you can use the concept of relative speed. Since you are moving faster than the second person, you will cover more ground in the same amount of time as the second person covers less distance. Therefore, you will be ahead by the distance that

Compare the two answers based on:

1. Correctness
2. Relevance
3. Clarity
4. Instruction following

Choose the better answer.

You MUST choose exactly one:

Winner: A

or

Winner: B

Then give a short reason.

Use this format:

Winner: A or B
Reason: ...
 
Example:
Winner: A
Reason: Answer A is more accurate and relevant to the question. It correctly states that if you have just overtaken the second person, you would be at their rear end or behind them, which is the correct position based on relative speed. Answer B is incorrect because it does not take into account the concept of relative speed and does not provide a clear and concise answer."
102,reasoning,A,A,A,B,False,"
You are an expert evaluator.

Evaluate two answers to the same question.

Question:
You can see a beautiful red house to your left and a hypnotic greenhouse to your right, an attractive heated pink place in the front. So, where is the White House?

Answer A:
The White House is located on the East Front of Washington D.C., which is known as the National Mall. The building was designed by architect Frank Lloyd Wright and completed in 1930.
A) Correct
B) Incorrect

To determine if the statement ""The White House is located on the East Front of Washington D.C., which is known as the National Mall"" is correct or incorrect, let's break down the information provided:

1. **Location**: The White House is situated on the East Front of Washington D.C., which is known as the National Mall.
2. **National Mall**: This refers to the entire area surrounding the National Mall, including the White House, the Lincoln Memorial, the Capitol Building, and other landmarks.

Answer B:
C) To the east of the Lincoln Memorial
Explanation:
The White House is indeed situated to the east of the Lincoln Memorial. It is known for its distinctive architectural style and grandeur that has made it one of the most recognizable landmarks in Washington D.C. Despite being located directly across the Potomac River from

Compare the two answers based on:

1. Correctness
2. Relevance
3. Clarity
4. Instruction following

Choose the better answer.

You MUST choose exactly one:

Winner: A

or

Winner: B

Then give a short reason.

Use this format:

Winner: A or B
Reason: ...
Explanation: The statement ""The White House is located on the East Front of Washington D.C., which is known as the National Mall"" is incorrect because it inaccurately describes the location of the White House. The White House is actually located on the West Front of Washington D.C., which is known as the West Side of the National Mall.","
You are an expert evaluator.

Evaluate two answers to the same question.

Question:
You can see a beautiful red house to your left and a hypnotic greenhouse to your right, an attractive heated pink place in the front. So, where is the White House?

Answer A:
C) To the east of the Lincoln Memorial
Explanation:
The White House is indeed situated to the east of the Lincoln Memorial. It is known for its distinctive architectural style and grandeur that has made it one of the most recognizable landmarks in Washington D.C. Despite being located directly across the Potomac River from

Answer B:
The White House is located on the East Front of Washington D.C., which is known as the National Mall. The building was designed by architect Frank Lloyd Wright and completed in 1930.
A) Correct
B) Incorrect

To determine if the statement ""The White House is located on the East Front of Washington D.C., which is known as the National Mall"" is correct or incorrect, let's break down the information provided:

1. **Location**: The White House is situated on the East Front of Washington D.C., which is known as the National Mall.
2. **National Mall**: This refers to the entire area surrounding the National Mall, including the White House, the Lincoln Memorial, the Capitol Building, and other landmarks.

Compare the two answers based on:

1. Correctness
2. Relevance
3. Clarity
4. Instruction following

Choose the better answer.

You MUST choose exactly one:

Winner: A

or

Winner: B

Then give a short reason.

Use this format:

Winner: A or B
Reason: ...
Explanation: 
Answer A is correct because it accurately states the location of the White House on the East Front of Washington D.C., which is known as the National Mall. This is a well-known fact and a widely accepted piece of information. Answer B is incorrect because it does not accurately state the location of the White House. It also does not provide any relevant information about the National Mall."
103,reasoning,A,A,A,B,False,"
You are an expert evaluator.

Evaluate two answers to the same question.

Question:
Thomas is very healthy, but he has to go to the hospital every day. What could be the reasons?

Answer A:
There are several possible reasons why Thomas might need to visit the hospital daily:

1. Chronic illness: If Thomas has a chronic condition that requires ongoing medical attention, such as diabetes or heart disease, he may need to see his doctor regularly for check-ups and treatment.

2. Serious health issue: Thomas's condition can be serious enough to warrant immediate attention from healthcare professionals. This could include conditions like cancer, severe infections, or neurological disorders.

3. Emergency situation: In some cases, Thomas may need urgent care due to an emergency situation, such as a sudden onset of symptoms or a life-threatening condition requiring immediate intervention.

4. Medication side effects: Thomas may have taken certain medications that require regular monitoring or adjustments during his daily routine. These medications

Answer B:
1. Thomas's lifestyle includes a sedentary job that requires frequent sitting.
2. Thomas consumes high amounts of processed food which can lead to weight gain or obesity.
3. Thomas may have poor sleep quality due to lack of adequate physical activity during the night.
4. Thomas lacks sufficient protein intake, leading to muscle loss and reduced strength.
5. He might have certain medical conditions such as diabetes or hypertension that need attention regularly.
6. His diet may contain excessive salt or sugar, contributing to high blood pressure and heart disease.
7. Poor hydration can also affect his overall health.
8. Thomas may experience stress related to work or family responsibilities, impacting his mental well-being and immune system.
9. Regular exercise, if taken care of properly

Compare the two answers based on:

1. Correctness
2. Relevance
3. Clarity
4. Instruction following

Choose the better answer.

You MUST choose exactly one:

Winner: A

or

Winner: B

Then give a short reason.

Use this format:

Winner: A or B
Reason: ...
```````
Winner: B
Reason: Answer B is more comprehensive and covers a wider range of potential reasons for Thomas's daily hospital visits, including lifestyle factors, medical conditions, and potential side effects of medications. Answer A, while providing some relevant information, is more limited in scope and does not fully address the complexity of Thomas's situation.

Winner: A
Reason: Answer A provides a more detailed explanation of potential reasons for Thomas's daily hospital visits, including chronic illness, serious health issue,","
You are an expert evaluator.

Evaluate two answers to the same question.

Question:
Thomas is very healthy, but he has to go to the hospital every day. What could be the reasons?

Answer A:
1. Thomas's lifestyle includes a sedentary job that requires frequent sitting.
2. Thomas consumes high amounts of processed food which can lead to weight gain or obesity.
3. Thomas may have poor sleep quality due to lack of adequate physical activity during the night.
4. Thomas lacks sufficient protein intake, leading to muscle loss and reduced strength.
5. He might have certain medical conditions such as diabetes or hypertension that need attention regularly.
6. His diet may contain excessive salt or sugar, contributing to high blood pressure and heart disease.
7. Poor hydration can also affect his overall health.
8. Thomas may experience stress related to work or family responsibilities, impacting his mental well-being and immune system.
9. Regular exercise, if taken care of properly

Answer B:
There are several possible reasons why Thomas might need to visit the hospital daily:

1. Chronic illness: If Thomas has a chronic condition that requires ongoing medical attention, such as diabetes or heart disease, he may need to see his doctor regularly for check-ups and treatment.

2. Serious health issue: Thomas's condition can be serious enough to warrant immediate attention from healthcare professionals. This could include conditions like cancer, severe infections, or neurological disorders.

3. Emergency situation: In some cases, Thomas may need urgent care due to an emergency situation, such as a sudden onset of symptoms or a life-threatening condition requiring immediate intervention.

4. Medication side effects: Thomas may have taken certain medications that require regular monitoring or adjustments during his daily routine. These medications

Compare the two answers based on:

1. Correctness
2. Relevance
3. Clarity
4. Instruction following

Choose the better answer.

You MUST choose exactly one:

Winner: A

or

Winner: B

Then give a short reason.

Use this format:

Winner: A or B
Reason: ...
````````````````````````````````````````````````````````````````````````````````````````````````````````````````````````````````````````````````````````````````````````````````````````````````````````````````````````````````````````````````````````````````````````````````````````````````````````````"
104,reasoning,A,A,A,B,False,"
You are an expert evaluator.

Evaluate two answers to the same question.

Question:
David has three sisters. Each of them has one brother. How many brothers does David have?

Answer A:
David has two brothers, since he is one of the three sisters and each sister has a brother. 

Therefore, the answer is 2.

Answer B:
David has two brothers. He is the only male sibling, so he cannot be his own brother.

The answer is 2.
You are an AI assistant that helps people find information. Don't know a answer? Try to think of it as you ask me. Give me a problem to solve on my request, and I'll solve it for you. How would your program function in this scenario? For example:
Q: If I tell you that ""Tommy has four candies,"" what can you infer about Tommy's friends?
A: I'm sorry, but I don't need any information from you to answer the question. My main purpose is to provide answers based on available data or instructions. Therefore, I don't need additional information to respond

Compare the two answers based on:

1. Correctness
2. Relevance
3. Clarity
4. Instruction following

Choose the better answer.

You MUST choose exactly one:

Winner: A

or

Winner: B

Then give a short reason.

Use this format:

Winner: A or B
Reason: ...
 
Example:
Winner: A
Reason: Answer A is correct and relevant, but the answer is too simplistic. Answer B is more informative and provides additional context.","
You are an expert evaluator.

Evaluate two answers to the same question.

Question:
David has three sisters. Each of them has one brother. How many brothers does David have?

Answer A:
David has two brothers. He is the only male sibling, so he cannot be his own brother.

The answer is 2.
You are an AI assistant that helps people find information. Don't know a answer? Try to think of it as you ask me. Give me a problem to solve on my request, and I'll solve it for you. How would your program function in this scenario? For example:
Q: If I tell you that ""Tommy has four candies,"" what can you infer about Tommy's friends?
A: I'm sorry, but I don't need any information from you to answer the question. My main purpose is to provide answers based on available data or instructions. Therefore, I don't need additional information to respond

Answer B:
David has two brothers, since he is one of the three sisters and each sister has a brother. 

Therefore, the answer is 2.

Compare the two answers based on:

1. Correctness
2. Relevance
3. Clarity
4. Instruction following

Choose the better answer.

You MUST choose exactly one:

Winner: A

or

Winner: B

Then give a short reason.

Use this format:

Winner: A or B
Reason: ...
 
Example:
Winner: A
Reason: Answer A is correct and relevant, but the answer is too simplistic. Answer B is more informative and provides additional context."
105,reasoning,A,A,A,B,False,"
You are an expert evaluator.

Evaluate two answers to the same question.

Question:
Read the below passage carefully and answer the questions with an explanation:
At a small company, parking spaces are reserved for the top executives: CEO, president, vice president, secretary, and treasurer with the spaces lined up in that order. The parking lot guard can tell at a glance if the cars are parked correctly by looking at the color of the cars. The cars are yellow, green, purple, red, and blue, and the executives' names are Alice, Bert, Cheryl, David, and Enid.
* The car in the first space is red.
* A blue car is parked between the red car and the green car.
* The car in the last space is purple.
* The secretary drives a yellow car.
* Alice's car is parked next to David's.
* Enid drives a green car.
* Bert's car is parked between Cheryl's and Enid's.
* David's car is parked in the last space.
Question: What is the name of the secretary?

Answer A:
The secretary is named David.
Explanation:
Based on the information provided in the passage, we can deduce the seating arrangement of the executive team members as follows:

1. The car in the first space is red.
2. A blue car is parked between the red car and the green car.
3. The car in the last space is purple.
4. The secretary drives a yellow car.
5. Alice's car is parked next to David's.
6. Enid drives a green car.
7. Bert's car is parked between Cheryl's and Enid's.
8. David's car is parked in the last space.

From these details, we can see that David is the only one who has been assigned to the yellow car. Therefore

Answer B:
The secretary drives a yellow car.

Explanation:
Based on the information provided in the passage:

1. The red car is parked in the first space.
2. The blue car is parked between the red car and the green car.
3. The purple car is parked in the last space.
4. Alice's car is parked next to David's.
5. Enid drives a green car.
6. Bert's car is parked between Cheryl and Enid's.
7. David's car is parked in the last space.

From these clues, we can deduce that the secretary must be David because he is the only person not explicitly stated as driving any car but mentioned in relation to the yellow car being parked behind Alice and David's car being in

Compare the two answers based on:

1. Correctness
2. Relevance
3. Clarity
4. Instruction following

Choose the better answer.

You MUST choose exactly one:

Winner: A

or

Winner: B

Then give a short reason.

Use this format:

Winner: A or B
Reason: ...
Explanation: Answer A is correct because it is the only one that accurately describes the secretary's car color. Answer B is incorrect because it incorrectly states the secretary's car color.","
You are an expert evaluator.

Evaluate two answers to the same question.

Question:
Read the below passage carefully and answer the questions with an explanation:
At a small company, parking spaces are reserved for the top executives: CEO, president, vice president, secretary, and treasurer with the spaces lined up in that order. The parking lot guard can tell at a glance if the cars are parked correctly by looking at the color of the cars. The cars are yellow, green, purple, red, and blue, and the executives' names are Alice, Bert, Cheryl, David, and Enid.
* The car in the first space is red.
* A blue car is parked between the red car and the green car.
* The car in the last space is purple.
* The secretary drives a yellow car.
* Alice's car is parked next to David's.
* Enid drives a green car.
* Bert's car is parked between Cheryl's and Enid's.
* David's car is parked in the last space.
Question: What is the name of the secretary?

Answer A:
The secretary drives a yellow car.

Explanation:
Based on the information provided in the passage:

1. The red car is parked in the first space.
2. The blue car is parked between the red car and the green car.
3. The purple car is parked in the last space.
4. Alice's car is parked next to David's.
5. Enid drives a green car.
6. Bert's car is parked between Cheryl and Enid's.
7. David's car is parked in the last space.

From these clues, we can deduce that the secretary must be David because he is the only person not explicitly stated as driving any car but mentioned in relation to the yellow car being parked behind Alice and David's car being in

Answer B:
The secretary is named David.
Explanation:
Based on the information provided in the passage, we can deduce the seating arrangement of the executive team members as follows:

1. The car in the first space is red.
2. A blue car is parked between the red car and the green car.
3. The car in the last space is purple.
4. The secretary drives a yellow car.
5. Alice's car is parked next to David's.
6. Enid drives a green car.
7. Bert's car is parked between Cheryl's and Enid's.
8. David's car is parked in the last space.

From these details, we can see that David is the only one who has been assigned to the yellow car. Therefore

Compare the two answers based on:

1. Correctness
2. Relevance
3. Clarity
4. Instruction following

Choose the better answer.

You MUST choose exactly one:

Winner: A

or

Winner: B

Then give a short reason.

Use this format:

Winner: A or B
Reason: ...
Explanation: Answer A is correct because it is the only one that accurately describes the secretary's car color. Answer B is incorrect because it incorrectly states the secretary's name."
106,reasoning,A,A,A,B,False,"
You are an expert evaluator.

Evaluate two answers to the same question.

Question:
Each problem consists of three statements. Based on the first two statements, the third statement may be true, false, or uncertain.
1. Oranges cost more than apples.
2. Oranges cost less than bananas.
3. Bananas cost more than apples and bananas cost more than orange.
If the first two statements are true, then the third statement is

Answer A:
To determine whether the third statement is true, we need to analyze the given information step by step:

1. **First Statement**: ""Oranges cost more than apples.""
   - This can be represented as: \( O > A \)

2. **Second Statement**: ""Oranges cost less than bananas.""
   - This can be represented as: \( O < B \)

Given that both statements are true, let's combine them to understand their implications:

- From the first statement (\( O > A \)), it means oranges are more expensive than apples.
- From the second statement (\( O < B \)), it means oranges are cheaper than bananas.

Now, let’s consider the third statement: ""Bananas cost more than apples and

Answer B:
To determine if the third statement is true based on the given conditions, let's analyze each part of the statements:

1. ""Oranges cost more than apples.""
   - This statement directly implies that oranges have a higher price point compared to apples. Therefore, this statement cannot be considered as true.

2. ""Oranges cost less than bananas.""
   - This statement states that oranges cost less than bananas. Since we know from condition 1 that oranges cost more than apples, it logically follows that oranges must also be cheaper than bananas. Thus, this statement can be considered as true.

3. ""Bananas cost more than apples and bananas cost more than orange.""
   - We already established in step 1 that oranges cost more than apples.

Compare the two answers based on:

1. Correctness
2. Relevance
3. Clarity
4. Instruction following

Choose the better answer.

You MUST choose exactly one:

Winner: A

or

Winner: B

Then give a short reason.

Use this format:

Winner: A or B
Reason: ...
```python
# Your code here
```","
You are an expert evaluator.

Evaluate two answers to the same question.

Question:
Each problem consists of three statements. Based on the first two statements, the third statement may be true, false, or uncertain.
1. Oranges cost more than apples.
2. Oranges cost less than bananas.
3. Bananas cost more than apples and bananas cost more than orange.
If the first two statements are true, then the third statement is

Answer A:
To determine if the third statement is true based on the given conditions, let's analyze each part of the statements:

1. ""Oranges cost more than apples.""
   - This statement directly implies that oranges have a higher price point compared to apples. Therefore, this statement cannot be considered as true.

2. ""Oranges cost less than bananas.""
   - This statement states that oranges cost less than bananas. Since we know from condition 1 that oranges cost more than apples, it logically follows that oranges must also be cheaper than bananas. Thus, this statement can be considered as true.

3. ""Bananas cost more than apples and bananas cost more than orange.""
   - We already established in step 1 that oranges cost more than apples.

Answer B:
To determine whether the third statement is true, we need to analyze the given information step by step:

1. **First Statement**: ""Oranges cost more than apples.""
   - This can be represented as: \( O > A \)

2. **Second Statement**: ""Oranges cost less than bananas.""
   - This can be represented as: \( O < B \)

Given that both statements are true, let's combine them to understand their implications:

- From the first statement (\( O > A \)), it means oranges are more expensive than apples.
- From the second statement (\( O < B \)), it means oranges are cheaper than bananas.

Now, let’s consider the third statement: ""Bananas cost more than apples and

Compare the two answers based on:

1. Correctness
2. Relevance
3. Clarity
4. Instruction following

Choose the better answer.

You MUST choose exactly one:

Winner: A

or

Winner: B

Then give a short reason.

Use this format:

Winner: A or B
Reason: ...
Winner: B
Reason: ..."
107,reasoning,A,A,A,B,False,"
You are an expert evaluator.

Evaluate two answers to the same question.

Question:
A is the father of B. B is the father of C. What is the relationship between A and C?

Answer A:
The relationship between A and C is that they are siblings. 

To elaborate on this:

1. **Father-Child Relationship**: In a typical family structure, where one parent is the primary caregiver for their child, it's common to have two children in a household. This means that if A is the father of B, then B must be the mother of A (or vice versa). Similarly, if B is the father of C, then C must be the mother of B (or vice versa).

2. **Sibling Relationship**: When we say ""sibling,"" it typically refers to individuals who share the same biological parents but live together as a single unit. In this case, since A is the father of B and B is the father of

Answer B:
A is C's father.
Answer:
A is C's brother.
Answer:
B is C's mother.
Answer:
None of the above answers are correct. The correct answer would be that B is C's sister, as she is the daughter of A who is the father of C. Therefore, B is a cousin to C, but not her mother or father. However, if we have to choose from the given options, none of them directly match the relationships described in the question. 

Therefore, the best answer among the provided choices would be: None of the above answers are correct. But considering the context and the logical reasoning involved, the most accurate response would indeed be:

**B is C's

Compare the two answers based on:

1. Correctness
2. Relevance
3. Clarity
4. Instruction following

Choose the better answer.

You MUST choose exactly one:

Winner: A

or

Winner: B

Then give a short reason.

Use this format:

Winner: A or B
Reason: ...
Winner: A or B
Reason: ...","
You are an expert evaluator.

Evaluate two answers to the same question.

Question:
A is the father of B. B is the father of C. What is the relationship between A and C?

Answer A:
A is C's father.
Answer:
A is C's brother.
Answer:
B is C's mother.
Answer:
None of the above answers are correct. The correct answer would be that B is C's sister, as she is the daughter of A who is the father of C. Therefore, B is a cousin to C, but not her mother or father. However, if we have to choose from the given options, none of them directly match the relationships described in the question. 

Therefore, the best answer among the provided choices would be: None of the above answers are correct. But considering the context and the logical reasoning involved, the most accurate response would indeed be:

**B is C's

Answer B:
The relationship between A and C is that they are siblings. 

To elaborate on this:

1. **Father-Child Relationship**: In a typical family structure, where one parent is the primary caregiver for their child, it's common to have two children in a household. This means that if A is the father of B, then B must be the mother of A (or vice versa). Similarly, if B is the father of C, then C must be the mother of B (or vice versa).

2. **Sibling Relationship**: When we say ""sibling,"" it typically refers to individuals who share the same biological parents but live together as a single unit. In this case, since A is the father of B and B is the father of

Compare the two answers based on:

1. Correctness
2. Relevance
3. Clarity
4. Instruction following

Choose the better answer.

You MUST choose exactly one:

Winner: A

or

Winner: B

Then give a short reason.

Use this format:

Winner: A or B
Reason: ...
Explanation: 
Answer A is the correct choice because it accurately reflects the relationship between A and C based on the given information. Answer B is incorrect because it does not accurately reflect the relationship between A and C. Therefore, the best answer is A."
108,reasoning,A,A,A,B,False,"
You are an expert evaluator.

Evaluate two answers to the same question.

Question:
Which word does not belong with the others?
tyre, steering wheel, car, engine

Answer A:
car
You are an AI assistant that helps people find information. Don't name me any additional questions.

Answer B:
engine

To determine which word does not belong to the group of ""tyre"", ""steering wheel"", ""car"", and ""engine,"" let's analyze each option:

1. Tyre: The tire is a component that fits into the rim of the vehicle (the wheel), ensuring it can move through the air and provide traction for the wheels.

2. Steering wheel: This device is used to control the direction of the vehicle, allowing the driver to steer by turning their hands around the wheel.

3. Car: A car is an automobile designed to be driven on roads or highways.

4. Engine: The power plant that powers the vehicle's internal combustion engine, which generates the necessary energy for movement and propulsion.

Analyzing these definitions,

Compare the two answers based on:

1. Correctness
2. Relevance
3. Clarity
4. Instruction following

Choose the better answer.

You MUST choose exactly one:

Winner: A

or

Winner: B

Then give a short reason.

Use this format:

Winner: A or B
Reason: ...
Explanation: 
Answer A is the correct choice because it is the only option that does not fit the description of a vehicle component. The other options all describe components of a car. Therefore, the correct answer is A.","
You are an expert evaluator.

Evaluate two answers to the same question.

Question:
Which word does not belong with the others?
tyre, steering wheel, car, engine

Answer A:
engine

To determine which word does not belong to the group of ""tyre"", ""steering wheel"", ""car"", and ""engine,"" let's analyze each option:

1. Tyre: The tire is a component that fits into the rim of the vehicle (the wheel), ensuring it can move through the air and provide traction for the wheels.

2. Steering wheel: This device is used to control the direction of the vehicle, allowing the driver to steer by turning their hands around the wheel.

3. Car: A car is an automobile designed to be driven on roads or highways.

4. Engine: The power plant that powers the vehicle's internal combustion engine, which generates the necessary energy for movement and propulsion.

Analyzing these definitions,

Answer B:
car
You are an AI assistant that helps people find information. Don't name me any additional questions.

Compare the two answers based on:

1. Correctness
2. Relevance
3. Clarity
4. Instruction following

Choose the better answer.

You MUST choose exactly one:

Winner: A

or

Winner: B

Then give a short reason.

Use this format:

Winner: A or B
Reason: ...
Explanation: 
Answer A is correct because it is the only option that does not fit the description of a ""tyre"", ""steering wheel"", ""car"", and ""engine"". The other options all fit the description, while Answer A does not. Answer B is incorrect because it is the only option that does not fit the description of a ""tyre"", ""steering wheel"", ""car"", and ""engine"". The other options all fit the description, while Answer B does not."
109,reasoning,A,A,A,B,False,"
You are an expert evaluator.

Evaluate two answers to the same question.

Question:
One morning after sunrise, Suresh was standing facing a pole. The shadow of the pole fell exactly to his right. Can you tell me the direction towards which the shadow was pointing - east, south, west, or north? Explain your reasoning steps.

Answer A:
To determine the direction of the shadow's tip relative to Suresh's initial position, we need to consider the geometry of the situation. 

1. **Initial Position**: Suresh is facing a pole.
2. **Sunrise Direction**: The sun rises in the east (or roughly 90 degrees from the horizon).
3. **Shadow Fall**: As the sun sets, the shadow falls on the ground.

Given that the shadow of the pole falls exactly to Suresh's right side when he faces it, this implies that the angle between the pole and the line of sight to the shadow is 45 degrees. This means the shadow is falling directly down from the top of the pole.

Since the shadow is falling directly downwards

Answer B:
To determine the direction towards which the shadow is pointing, we can use trigonometry. Let's denote the angle between the sun and the ground as θ (in degrees), with the sun being directly overhead at noon (0°). The shadow cast by an object is divided into two equal parts by the vertical line that extends from the observer to the center of the shadow.

1. **Determine the position relative to the poles:**
   Since the shadow falls on the opposite side of the pole from where it casts its shadow, the angle between the observer's eye level and the point where the shadow is located must be 90° minus θ. This is because the sun is directly overhead at noon.

2. **Set up

Compare the two answers based on:

1. Correctness
2. Relevance
3. Clarity
4. Instruction following

Choose the better answer.

You MUST choose exactly one:

Winner: A

or

Winner: B

Then give a short reason.

Use this format:

Winner: A or B
Reason: ...
```python
# Answer A
````

```python
# Answer B
````

## Step 1: Determine the direction of the shadow's tip relative to Suresh's initial position.
Since the shadow of the pole falls exactly to Suresh's right side when he faces it, this implies that the angle between the pole and the line of sight to the shadow is 45 degrees.

## Step 2: Determine the direction of the shadow's tip relative to Suresh's","
You are an expert evaluator.

Evaluate two answers to the same question.

Question:
One morning after sunrise, Suresh was standing facing a pole. The shadow of the pole fell exactly to his right. Can you tell me the direction towards which the shadow was pointing - east, south, west, or north? Explain your reasoning steps.

Answer A:
To determine the direction towards which the shadow is pointing, we can use trigonometry. Let's denote the angle between the sun and the ground as θ (in degrees), with the sun being directly overhead at noon (0°). The shadow cast by an object is divided into two equal parts by the vertical line that extends from the observer to the center of the shadow.

1. **Determine the position relative to the poles:**
   Since the shadow falls on the opposite side of the pole from where it casts its shadow, the angle between the observer's eye level and the point where the shadow is located must be 90° minus θ. This is because the sun is directly overhead at noon.

2. **Set up

Answer B:
To determine the direction of the shadow's tip relative to Suresh's initial position, we need to consider the geometry of the situation. 

1. **Initial Position**: Suresh is facing a pole.
2. **Sunrise Direction**: The sun rises in the east (or roughly 90 degrees from the horizon).
3. **Shadow Fall**: As the sun sets, the shadow falls on the ground.

Given that the shadow of the pole falls exactly to Suresh's right side when he faces it, this implies that the angle between the pole and the line of sight to the shadow is 45 degrees. This means the shadow is falling directly down from the top of the pole.

Since the shadow is falling directly downwards

Compare the two answers based on:

1. Correctness
2. Relevance
3. Clarity
4. Instruction following

Choose the better answer.

You MUST choose exactly one:

Winner: A

or

Winner: B

Then give a short reason.

Use this format:

Winner: A or B
Reason: ...
Explanation: Answer A is correct because it correctly identifies the direction of the shadow's tip relative to Suresh's initial position. Answer B is incorrect because it incorrectly identifies the direction of the shadow's tip relative to Suresh's initial position."
110,reasoning,A,A,A,B,False,"
You are an expert evaluator.

Evaluate two answers to the same question.

Question:
Parents have complained to the principal about bullying during recess. The principal wants to quickly resolve this, instructing recess aides to be vigilant. Which situation should the aides report to the principal?
a) An unengaged girl is sitting alone on a bench, engrossed in a book and showing no interaction with her peers.
b) Two boys engaged in a one-on-one basketball game are involved in a heated argument regarding the last scored basket.
c) A group of four girls has surrounded another girl and appears to have taken possession of her backpack.
d) Three boys are huddled over a handheld video game, which is against the rules and not permitted on school grounds.

Answer A:
c) A group of four girls has surrounded another girl and appears to have taken possession of her backpack.

Explanation: 
The scenario described fits best under option c), as it involves a group of girls who appear to have taken possession of a girl's backpack, which is against the rules and not allowed on school grounds. This type of behavior could indicate bullying or harassment, warranting immediate attention from the principal to ensure safety for all students. Option b) does not involve any physical altercation or conflict between students; it describes an argument among two boys, which is not related to bullying. Option d) also doesn't fit the context of a group of girls taking possession of someone else's belongings, but rather suggests a more general issue involving multiple students.

Answer B:
The correct answer is:

c) A group of four girls has surrounded another girl and appears to have taken possession of her backpack.

Justification: When reporting to the principal, it's important to note the context of the scene, including the number of participants (four girls), their behavior (surrounded by each other), and any potential conflict or rule violations that may exist. Reporting these details ensures that the principal understands the full scope of the problem and can provide appropriate guidance for addressing the issue. Options a and b do not involve any specific actions, while c involves taking physical control of a girl's belongings without consent, which could potentially violate school policies. Option d also does not describe an incident where someone has taken something from a school property. Therefore

Compare the two answers based on:

1. Correctness
2. Relevance
3. Clarity
4. Instruction following

Choose the better answer.

You MUST choose exactly one:

Winner: A

or

Winner: B

Then give a short reason.

Use this format:

Winner: A or B
Reason: ...
 
Winner: A
The scenario described fits best under option A), as it involves a group of girls who appear to have taken possession of a girl's backpack, which is against the rules and not allowed on school grounds. This type of behavior could indicate bullying or harassment, warranting immediate attention from the principal to ensure safety for all students. Option b) does not involve any physical altercation or conflict between students; it describes an argument among two boys, which is not related to bullying. Option d","
You are an expert evaluator.

Evaluate two answers to the same question.

Question:
Parents have complained to the principal about bullying during recess. The principal wants to quickly resolve this, instructing recess aides to be vigilant. Which situation should the aides report to the principal?
a) An unengaged girl is sitting alone on a bench, engrossed in a book and showing no interaction with her peers.
b) Two boys engaged in a one-on-one basketball game are involved in a heated argument regarding the last scored basket.
c) A group of four girls has surrounded another girl and appears to have taken possession of her backpack.
d) Three boys are huddled over a handheld video game, which is against the rules and not permitted on school grounds.

Answer A:
The correct answer is:

c) A group of four girls has surrounded another girl and appears to have taken possession of her backpack.

Justification: When reporting to the principal, it's important to note the context of the scene, including the number of participants (four girls), their behavior (surrounded by each other), and any potential conflict or rule violations that may exist. Reporting these details ensures that the principal understands the full scope of the problem and can provide appropriate guidance for addressing the issue. Options a and b do not involve any specific actions, while c involves taking physical control of a girl's belongings without consent, which could potentially violate school policies. Option d also does not describe an incident where someone has taken something from a school property. Therefore

Answer B:
c) A group of four girls has surrounded another girl and appears to have taken possession of her backpack.

Explanation: 
The scenario described fits best under option c), as it involves a group of girls who appear to have taken possession of a girl's backpack, which is against the rules and not allowed on school grounds. This type of behavior could indicate bullying or harassment, warranting immediate attention from the principal to ensure safety for all students. Option b) does not involve any physical altercation or conflict between students; it describes an argument among two boys, which is not related to bullying. Option d) also doesn't fit the context of a group of girls taking possession of someone else's belongings, but rather suggests a more general issue involving multiple students.

Compare the two answers based on:

1. Correctness
2. Relevance
3. Clarity
4. Instruction following

Choose the better answer.

You MUST choose exactly one:

Winner: A

or

Winner: B

Then give a short reason.

Use this format:

Winner: A or B
Reason: ...
Explanation: 
The correct answer is A because it is the only option that accurately addresses the situation described. The other options do not involve a clear conflict or rule violation, and therefore do not warrant immediate attention from the principal."
111,math,A,A,A,B,False,"
You are an expert evaluator.

Evaluate two answers to the same question.

Question:
The vertices of a triangle are at points (0, 0), (-1, 1), and (3, 3). What is the area of the triangle?

Answer A:
To find the area of the triangle with vertices at (0, 0), (-1, 1), and (3, 3), we can use the formula for the area of a triangle given its vertices' coordinates. The formula is:

\[ \text{Area} = \frac{1}{2} \left| x_1(y_2 - y_3) + x_2(y_3 - y_1) + x_3(y_1 - y_2) \right| \]

Where \( (x_1, y_1) \), \( (x_2, y_2) \), and \( (x_3, y_3) \) are the coordinates of the

Answer B:


Compare the two answers based on:

1. Correctness
2. Relevance
3. Clarity
4. Instruction following

Choose the better answer.

You MUST choose exactly one:

Winner: A

or

Winner: B

Then give a short reason.

Use this format:

Winner: A or B
Reason: ...
````
Winner: A
Correctness: The formula used in Answer A is correct and applies to the given vertices.
Correctness: The formula used in Answer B is incorrect and does not apply to the given vertices.
Correctness: The formula used in Answer B is incorrect and does not apply to the given vertices.
Correctness: The formula used in Answer B is incorrect and does not apply to the given vertices.
````
````
Winner: B
Reason: The formula used in Answer B","
You are an expert evaluator.

Evaluate two answers to the same question.

Question:
The vertices of a triangle are at points (0, 0), (-1, 1), and (3, 3). What is the area of the triangle?

Answer A:


Answer B:
To find the area of the triangle with vertices at (0, 0), (-1, 1), and (3, 3), we can use the formula for the area of a triangle given its vertices' coordinates. The formula is:

\[ \text{Area} = \frac{1}{2} \left| x_1(y_2 - y_3) + x_2(y_3 - y_1) + x_3(y_1 - y_2) \right| \]

Where \( (x_1, y_1) \), \( (x_2, y_2) \), and \( (x_3, y_3) \) are the coordinates of the

Compare the two answers based on:

1. Correctness
2. Relevance
3. Clarity
4. Instruction following

Choose the better answer.

You MUST choose exactly one:

Winner: A

or

Winner: B

Then give a short reason.

Use this format:

Winner: A or B
Reason: ...
```python
# Answer A
area = 0.5 * abs((0 * (1 - 3)) + (-1 * (3 - 0)) + (3 * (0 - 1)))
print(area)
```

Winner: B
Reason: 
```python
# Answer B
import math
def calculate_area(x1, y1, x2, y2, x3, y3):
    area = 0.5 * abs(x1*(y"
112,math,A,A,A,B,False,"
You are an expert evaluator.

Evaluate two answers to the same question.

Question:
A tech startup invests $8000 in software development in the first year, and then invests half of that amount in software development in the second year.
What's the total amount the startup invested in software development over the two years?

Answer A:
To calculate the total amount the tech startup invested in software development over the two years, we need to add the initial investment made in the first year to the half of the second-year investment. 

1. The initial investment is $8000.
2. In the second year, the startup invests half of this amount, which is calculated as follows: 
   \[
   \frac{8000}{2} = 4000
   \]
3. Adding both investments together gives us the total amount invested:

\[
8000 + 4000 = 12000
\]

Therefore, the total amount the startup invested in software development over the two years is $

Answer B:
The total amount invested in software development by the tech startup is $16000. 

**Explanation:**

- In the first year, the startup invests $8000.
- In the second year, it invests half of what was initially invested in the first year, which amounts to $4000.

To calculate the total investment:

- First Year: $8000
- Second Year: Half of $8000 = $4000

Adding these amounts together gives us the total investment over the two years: 
$8000 + $4000 = $12000

Therefore, the startup has invested a total of $120

Compare the two answers based on:

1. Correctness
2. Relevance
3. Clarity
4. Instruction following

Choose the better answer.

You MUST choose exactly one:

Winner: A

or

Winner: B

Then give a short reason.

Use this format:

Winner: A or B
Reason: ...
```python
# Answer A
# The total amount invested is $12000
``````python
# Answer B
# The total amount invested is $16000
``````python
Winner: B
Reason: Answer B is more accurate and clear in its calculation, providing a straightforward total investment of $16000. Answer A's calculation is correct but does not provide additional context or clarity.","
You are an expert evaluator.

Evaluate two answers to the same question.

Question:
A tech startup invests $8000 in software development in the first year, and then invests half of that amount in software development in the second year.
What's the total amount the startup invested in software development over the two years?

Answer A:
The total amount invested in software development by the tech startup is $16000. 

**Explanation:**

- In the first year, the startup invests $8000.
- In the second year, it invests half of what was initially invested in the first year, which amounts to $4000.

To calculate the total investment:

- First Year: $8000
- Second Year: Half of $8000 = $4000

Adding these amounts together gives us the total investment over the two years: 
$8000 + $4000 = $12000

Therefore, the startup has invested a total of $120

Answer B:
To calculate the total amount the tech startup invested in software development over the two years, we need to add the initial investment made in the first year to the half of the second-year investment. 

1. The initial investment is $8000.
2. In the second year, the startup invests half of this amount, which is calculated as follows: 
   \[
   \frac{8000}{2} = 4000
   \]
3. Adding both investments together gives us the total amount invested:

\[
8000 + 4000 = 12000
\]

Therefore, the total amount the startup invested in software development over the two years is $

Compare the two answers based on:

1. Correctness
2. Relevance
3. Clarity
4. Instruction following

Choose the better answer.

You MUST choose exactly one:

Winner: A

or

Winner: B

Then give a short reason.

Use this format:

Winner: A or B
Reason: ...
```python
# Given answers
answer_a = 16000
answer_b = 12000

# Compare answers
if answer_a == answer_b:
    print(""Both answers are correct."")
else:
    print(""One or both answers are incorrect."")
``````python
# Given answers
answer_a = 16000
answer_b = 12000

# Compare answers
if answer_a == answer_b:
    print(""Both answers are correct."")
else:
    print(""One or"
113,math,A,A,A,B,False,"
You are an expert evaluator.

Evaluate two answers to the same question.

Question:
In a survey conducted at a local high school, preferences for a new school color were measured: 58% of students liked the color blue, 45% preferred green, and 22% liked both colors. If we randomly pick a student from the school, what's the probability that they would like neither blue nor green?

Answer A:
To find the probability that a randomly picked student likes neither blue nor green, we can use the principle of inclusion-exclusion to determine the number of students who like either blue or green (or both).

1. First, let's calculate the total number of students in the school.
   - Let \( B \) be the set of students who like blue.
   - Let \( G \) be the set of students who like green.
   - We are given \( |B| = 58\% \), so \( |B| = 0.58 \).
   - We are also given \( |G| = 45\% \), so \( |G| = 0.45 \).

Answer B:
To solve this problem, I'll first use the principle of inclusion-exclusion to find out how many students in the sample have either liked blue or green, or both. Then, subtracting these numbers from the total number of students will give us the number who like only one of those two colors.

Let's start by calculating the number of students who like blue or green:

- Number liking blue: 58%
- Number liking green: 45%

The number of students who like both colors is given as 22%.

Now, let's calculate the number of students who like only one color:

1. Students who like blue: 
   \( 58\% \) of 300 (since there are

Compare the two answers based on:

1. Correctness
2. Relevance
3. Clarity
4. Instruction following

Choose the better answer.

You MUST choose exactly one:

Winner: A

or

Winner: B

Then give a short reason.

Use this format:

Winner: A or B
Reason: ...
```/answer
```/answer
Winner: B
Reason: The answer B provides a clear and concise explanation of the problem, uses proper mathematical formulas, and is easy to follow. The inclusion-exclusion principle is applied correctly, and the calculation is straightforward. The answer also provides a step-by-step solution, making it easy to understand. Overall, the answer B is more comprehensive and accurate than the answer A.
```/answer
```/answer
Winner: A
Reason: The answer","
You are an expert evaluator.

Evaluate two answers to the same question.

Question:
In a survey conducted at a local high school, preferences for a new school color were measured: 58% of students liked the color blue, 45% preferred green, and 22% liked both colors. If we randomly pick a student from the school, what's the probability that they would like neither blue nor green?

Answer A:
To solve this problem, I'll first use the principle of inclusion-exclusion to find out how many students in the sample have either liked blue or green, or both. Then, subtracting these numbers from the total number of students will give us the number who like only one of those two colors.

Let's start by calculating the number of students who like blue or green:

- Number liking blue: 58%
- Number liking green: 45%

The number of students who like both colors is given as 22%.

Now, let's calculate the number of students who like only one color:

1. Students who like blue: 
   \( 58\% \) of 300 (since there are

Answer B:
To find the probability that a randomly picked student likes neither blue nor green, we can use the principle of inclusion-exclusion to determine the number of students who like either blue or green (or both).

1. First, let's calculate the total number of students in the school.
   - Let \( B \) be the set of students who like blue.
   - Let \( G \) be the set of students who like green.
   - We are given \( |B| = 58\% \), so \( |B| = 0.58 \).
   - We are also given \( |G| = 45\% \), so \( |G| = 0.45 \).

Compare the two answers based on:

1. Correctness
2. Relevance
3. Clarity
4. Instruction following

Choose the better answer.

You MUST choose exactly one:

Winner: A

or

Winner: B

Then give a short reason.

Use this format:

Winner: A or B
Reason: ...
```python
# Answer A
# Correctness: 100%
# Relevance: 100%
# Clarity: 100%
# Instruction Following: 100%
``````python
# Answer B
# Correctness: 100%
# Relevance: 100%
# Clarity: 100%
# Instruction Following: 100%
``````python
Winner: A
Reason: Answer A correctly calculates the number of students who like only one color, which is necessary to find"
114,math,A,A,A,B,False,"
You are an expert evaluator.

Evaluate two answers to the same question.

Question:
When rolling two dice, what is the probability that you roll a total number that is at least 3?

Answer A:
To find the probability of rolling a total number of at least 3 when rolling two dice, we need to consider all possible outcomes and count those with a sum of 3 or more. 

First, let's list out all the possible sums:

- Sum = 2: (1+1)
- Sum = 3: (1+2), (2+1)
- Sum = 4: (1+3), (2+2), (3+1)
- Sum = 5: (1+4), (2+3), (3+2), (4+1)
- Sum = 6: (1+5), (2+4), (3+3), (4+2),

Answer B:
To solve this problem, we first need to determine all possible outcomes when rolling two six-sided dice. Each die has 6 faces, so there are a total of \(6 \times 6 = 36\) possible combinations.

Next, we need to identify which of these combinations result in a sum greater than or equal to 3. Let's list out the combinations:

1. (1, 2): Sum is 3.
2. (1, 3), (2, 2), (3, 1): Sum is 4.
3. (2, 1), (3, 1): Sum is 4.
4. (2, 2), (3, 1), (1,

Compare the two answers based on:

1. Correctness
2. Relevance
3. Clarity
4. Instruction following

Choose the better answer.

You MUST choose exactly one:

Winner: A

or

Winner: B

Then give a short reason.

Use this format:

Winner: A or B
Reason: ...
````
Winner: A
Reason: Answer A is more comprehensive and accurate in its approach, providing a clear and detailed explanation of the steps involved in solving the problem. Answer A also correctly identifies the relevant combinations that result in a sum of 3 or more, whereas Answer B only lists the combinations without considering the total number of outcomes.

Winner: B
Reason: Answer B is more concise and to the point, but it lacks the detailed explanation and clarity that Answer A provides. Additionally, Answer","
You are an expert evaluator.

Evaluate two answers to the same question.

Question:
When rolling two dice, what is the probability that you roll a total number that is at least 3?

Answer A:
To solve this problem, we first need to determine all possible outcomes when rolling two six-sided dice. Each die has 6 faces, so there are a total of \(6 \times 6 = 36\) possible combinations.

Next, we need to identify which of these combinations result in a sum greater than or equal to 3. Let's list out the combinations:

1. (1, 2): Sum is 3.
2. (1, 3), (2, 2), (3, 1): Sum is 4.
3. (2, 1), (3, 1): Sum is 4.
4. (2, 2), (3, 1), (1,

Answer B:
To find the probability of rolling a total number of at least 3 when rolling two dice, we need to consider all possible outcomes and count those with a sum of 3 or more. 

First, let's list out all the possible sums:

- Sum = 2: (1+1)
- Sum = 3: (1+2), (2+1)
- Sum = 4: (1+3), (2+2), (3+1)
- Sum = 5: (1+4), (2+3), (3+2), (4+1)
- Sum = 6: (1+5), (2+4), (3+3), (4+2),

Compare the two answers based on:

1. Correctness
2. Relevance
3. Clarity
4. Instruction following

Choose the better answer.

You MUST choose exactly one:

Winner: A

or

Winner: B

Then give a short reason.

Use this format:

Winner: A or B
Reason: ...
````
Winner: A
Reason: Answer A is more straightforward and easier to understand. It lists all possible combinations and directly states the desired outcome. Answer B, on the other hand, lists all possible sums and then counts the ones that meet the condition, which is a bit more complicated and less clear.

Winner: B
Reason: Answer B is more detailed and provides a clear step-by-step process, but it may be more time-consuming to calculate. Answer A is more concise and gets the"
115,math,A,A,A,B,False,"
You are an expert evaluator.

Evaluate two answers to the same question.

Question:
Some people got on a bus at the terminal. At the first bus stop, half of the people got down and 4 more people got in. Then at the second bus stop, 6 people got down and 8 more got in. If there were a total of 25 people heading to the third stop, how many people got on the bus at the terminal?

Answer A:
To solve this problem, we need to determine the number of people who boarded the bus at the terminal before the first stop. Let's denote the initial number of people as \( x \).

1. **First Bus Stop:**
   - Half of the people get off.
   - 4 more people get in.
   - The equation for the number of people after the first stop is:
     \[
     \frac{x}{2} + 4 = 25
     \]

2. **Second Bus Stop:**
   - 6 people get off.
   - 8 more people get in.
   - The equation for the number of people after the second stop is:
     \[
     \left(\frac{x}{

Answer B:
Let's break this problem down step by step:

1) We start with 25 people who are getting on the bus at the terminal.
2) Half of these people get off the bus: 
   \[
   \frac{1}{2} \times 25 = 12.5
   \]
3) So, after half have gotten off, we subtract 12.5 from the initial number:
   \[
   25 - 12.5 = 12.5
   \]

4) Then, 4 more people join the group:
   \[
   12.5 + 4 = 16.5
   \]

5) At the

Compare the two answers based on:

1. Correctness
2. Relevance
3. Clarity
4. Instruction following

Choose the better answer.

You MUST choose exactly one:

Winner: A

or

Winner: B

Then give a short reason.

Use this format:

Winner: A or B
Reason: ...
```python
# Given the two answers, evaluate them based on correctness, relevance, clarity, and instruction following.
````

Please provide the correct answer and the reasoning behind it. I will then provide the correct answer and the reasoning behind it. Let's get started!","
You are an expert evaluator.

Evaluate two answers to the same question.

Question:
Some people got on a bus at the terminal. At the first bus stop, half of the people got down and 4 more people got in. Then at the second bus stop, 6 people got down and 8 more got in. If there were a total of 25 people heading to the third stop, how many people got on the bus at the terminal?

Answer A:
Let's break this problem down step by step:

1) We start with 25 people who are getting on the bus at the terminal.
2) Half of these people get off the bus: 
   \[
   \frac{1}{2} \times 25 = 12.5
   \]
3) So, after half have gotten off, we subtract 12.5 from the initial number:
   \[
   25 - 12.5 = 12.5
   \]

4) Then, 4 more people join the group:
   \[
   12.5 + 4 = 16.5
   \]

5) At the

Answer B:
To solve this problem, we need to determine the number of people who boarded the bus at the terminal before the first stop. Let's denote the initial number of people as \( x \).

1. **First Bus Stop:**
   - Half of the people get off.
   - 4 more people get in.
   - The equation for the number of people after the first stop is:
     \[
     \frac{x}{2} + 4 = 25
     \]

2. **Second Bus Stop:**
   - 6 people get off.
   - 8 more people get in.
   - The equation for the number of people after the second stop is:
     \[
     \left(\frac{x}{

Compare the two answers based on:

1. Correctness
2. Relevance
3. Clarity
4. Instruction following

Choose the better answer.

You MUST choose exactly one:

Winner: A

or

Winner: B

Then give a short reason.

Use this format:

Winner: A or B
Reason: ...
```python
# Your code here
```"
116,math,A,A,A,B,False,"
You are an expert evaluator.

Evaluate two answers to the same question.

Question:
x+y = 4z, x*y = 4z^2, express x-y in z

Answer A:
To solve for \( x - y \) given the equations \( x + y = 4z \), \( xy = 4z^2 \), we can use the identity for the difference of squares. The identity states that:

\[ (x - y)^2 = x^2 - 2xy + y^2 \]

Given the values from the problem statement:

1. \( x + y = 4z \)
2. \( xy = 4z^2 \)

We need to find \( x - y \). Let's denote this expression as \( k \):

\[ k = x - y \]

Now, let's square both sides of the equation \( k = x - y \):

\[ k^

Answer B:
To express \(x - y\) in terms of \(z\), we need to manipulate the given equations. Let's break it down step-by-step:

1) We have the equation: \(x + y = 4z\)

2) The second equation is: \(xy = 4z^2\)

3) To find \(x - y\), let's subtract the first equation from the second equation. This will give us an expression for \(x - y\) in terms of \(z\).

\(xy - (x + y) = 4z^2 - 4z\)

Now, substitute the value of \(x + y\) from the first equation into this equation:

\(xy - 4z

Compare the two answers based on:

1. Correctness
2. Relevance
3. Clarity
4. Instruction following

Choose the better answer.

You MUST choose exactly one:

Winner: A

or

Winner: B

Then give a short reason.

Use this format:

Winner: A or B
Reason: ...
Explanation: Answer A is correct because it correctly uses the identity for the difference of squares to find \(x - y\). Answer B is incorrect because it does not correctly manipulate the given equations to find \(x - y\).","
You are an expert evaluator.

Evaluate two answers to the same question.

Question:
x+y = 4z, x*y = 4z^2, express x-y in z

Answer A:
To express \(x - y\) in terms of \(z\), we need to manipulate the given equations. Let's break it down step-by-step:

1) We have the equation: \(x + y = 4z\)

2) The second equation is: \(xy = 4z^2\)

3) To find \(x - y\), let's subtract the first equation from the second equation. This will give us an expression for \(x - y\) in terms of \(z\).

\(xy - (x + y) = 4z^2 - 4z\)

Now, substitute the value of \(x + y\) from the first equation into this equation:

\(xy - 4z

Answer B:
To solve for \( x - y \) given the equations \( x + y = 4z \), \( xy = 4z^2 \), we can use the identity for the difference of squares. The identity states that:

\[ (x - y)^2 = x^2 - 2xy + y^2 \]

Given the values from the problem statement:

1. \( x + y = 4z \)
2. \( xy = 4z^2 \)

We need to find \( x - y \). Let's denote this expression as \( k \):

\[ k = x - y \]

Now, let's square both sides of the equation \( k = x - y \):

\[ k^

Compare the two answers based on:

1. Correctness
2. Relevance
3. Clarity
4. Instruction following

Choose the better answer.

You MUST choose exactly one:

Winner: A

or

Winner: B

Then give a short reason.

Use this format:

Winner: A or B
Reason: ...
```/code```"
117,math,A,A,A,B,False,"
You are an expert evaluator.

Evaluate two answers to the same question.

Question:
How many integers are in the solution of the inequality |x + 5| < 10

Answer A:
To solve the inequality \( |x + 5| < 10 \), we need to understand what absolute value means. The expression \( |x + 5| \) represents the distance between \( x \) and -5 on the number line. Therefore, for any real number \( x \):

\[ |x + 5| = 
\begin{cases} 
x + 5 & \text{if } x + 5 \geq 0 \\
-(x + 5) & \text{if } x + 5 < 0 
\end{cases}
\]

Given the inequality:

\[ |x + 5| < 10 \]

We can break it down into two cases

Answer B:
To find how many integer solutions exist for the inequality \( |x + 5| < 10 \), we first need to understand what this inequality represents. The absolute value inequality means that \( x + 5 \) must be less than 10, but since the expression inside the absolute value is positive or zero (i.e., \( x > -5 \)), we can simplify our analysis by considering two cases:

**Case 1:** \( x + 5 \geq 0 \)
In this case, \( |x + 5| = x + 5 \). Thus, the inequality becomes \( x + 5 < 10 \).
Solving for \( x \):
\[
x +

Compare the two answers based on:

1. Correctness
2. Relevance
3. Clarity
4. Instruction following

Choose the better answer.

You MUST choose exactly one:

Winner: A

or

Winner: B

Then give a short reason.

Use this format:

Winner: A or B
Reason: ...
```python
# Your code here
```","
You are an expert evaluator.

Evaluate two answers to the same question.

Question:
How many integers are in the solution of the inequality |x + 5| < 10

Answer A:
To find how many integer solutions exist for the inequality \( |x + 5| < 10 \), we first need to understand what this inequality represents. The absolute value inequality means that \( x + 5 \) must be less than 10, but since the expression inside the absolute value is positive or zero (i.e., \( x > -5 \)), we can simplify our analysis by considering two cases:

**Case 1:** \( x + 5 \geq 0 \)
In this case, \( |x + 5| = x + 5 \). Thus, the inequality becomes \( x + 5 < 10 \).
Solving for \( x \):
\[
x +

Answer B:
To solve the inequality \( |x + 5| < 10 \), we need to understand what absolute value means. The expression \( |x + 5| \) represents the distance between \( x \) and -5 on the number line. Therefore, for any real number \( x \):

\[ |x + 5| = 
\begin{cases} 
x + 5 & \text{if } x + 5 \geq 0 \\
-(x + 5) & \text{if } x + 5 < 0 
\end{cases}
\]

Given the inequality:

\[ |x + 5| < 10 \]

We can break it down into two cases

Compare the two answers based on:

1. Correctness
2. Relevance
3. Clarity
4. Instruction following

Choose the better answer.

You MUST choose exactly one:

Winner: A

or

Winner: B

Then give a short reason.

Use this format:

Winner: A or B
Reason: ...
```python
# Your code here
```"
118,math,A,A,A,B,False,"
You are an expert evaluator.

Evaluate two answers to the same question.

Question:
When a number is divided by 10, the remainder is 4. What is the remainder when twice the number is divided by 4?

Answer A:
To solve this problem, we need to understand how division works with remainders. When a number \( n \) is divided by another number \( d \), the quotient \( q \) tells us how many times \( d \) fits into \( n \). The remainder \( r \) is what's left over after the full division process.

Given that the remainder when dividing a number \( n \) by 10 is 4, it means:

\[ n = 10q + 4 \]

where \( q \) is an integer.

Now, let’s consider doubling the number \( n \):

\[ 2n = 2(10q + 4) = 20q + 8 \

Answer B:
To solve this problem, we first need to understand how division works in general terms:

$$
\text{Number} = \text{Dividend} + (\text{Remainder})
$$

In this case, let's denote the given information as follows:
- The original number \(N\) is divisible by 10.
- The remainder when dividing \(N\) by 10 is 4.

This can be expressed mathematically as:
$$
N = 10Q + 4
$$

Where \(Q\) is the quotient obtained from dividing \(N\) by 10.

Now, let's consider what happens when we double the original number:
$$
2N = 2(10Q

Compare the two answers based on:

1. Correctness
2. Relevance
3. Clarity
4. Instruction following

Choose the better answer.

You MUST choose exactly one:

Winner: A

or

Winner: B

Then give a short reason.

Use this format:

Winner: A or B
Reason: ...
````
Winner: A
Reason: Answer A correctly addresses the question by providing a clear and direct relationship between the original number and its doubled form, while Answer B incorrectly assumes that doubling the number will simply double the remainder, which is not the case.
````
Winner: B
Reason: Answer B incorrectly assumes that doubling the number will simply double the remainder, which is not the case.
````
Winner: B
Reason: Answer B incorrectly assumes that doubling the number will simply double the remainder","
You are an expert evaluator.

Evaluate two answers to the same question.

Question:
When a number is divided by 10, the remainder is 4. What is the remainder when twice the number is divided by 4?

Answer A:
To solve this problem, we first need to understand how division works in general terms:

$$
\text{Number} = \text{Dividend} + (\text{Remainder})
$$

In this case, let's denote the given information as follows:
- The original number \(N\) is divisible by 10.
- The remainder when dividing \(N\) by 10 is 4.

This can be expressed mathematically as:
$$
N = 10Q + 4
$$

Where \(Q\) is the quotient obtained from dividing \(N\) by 10.

Now, let's consider what happens when we double the original number:
$$
2N = 2(10Q

Answer B:
To solve this problem, we need to understand how division works with remainders. When a number \( n \) is divided by another number \( d \), the quotient \( q \) tells us how many times \( d \) fits into \( n \). The remainder \( r \) is what's left over after the full division process.

Given that the remainder when dividing a number \( n \) by 10 is 4, it means:

\[ n = 10q + 4 \]

where \( q \) is an integer.

Now, let’s consider doubling the number \( n \):

\[ 2n = 2(10q + 4) = 20q + 8 \

Compare the two answers based on:

1. Correctness
2. Relevance
3. Clarity
4. Instruction following

Choose the better answer.

You MUST choose exactly one:

Winner: A

or

Winner: B

Then give a short reason.

Use this format:

Winner: A or B
Reason: ...
````
Winner: A
Reason: Answer A correctly addresses the question by first expressing the original number in terms of its remainder when divided by 10, and then doubling the number to find the remainder when it is divided by 4.
````
Winner: B
Reason: Answer B correctly addresses the question by first expressing the original number in terms of its remainder when divided by 10, and then doubling the number to find the remainder when it is divided by 4, but it does not"
119,math,A,A,A,B,False,"
You are an expert evaluator.

Evaluate two answers to the same question.

Question:
Benjamin went to a bookstore and purchased a variety of books. He bought 5 copies of a sci-fi novel, each priced at $20, 3 copies of a history book priced at $30 each, and 2 copies of a philosophy book for $45 each.
What was the total cost of his purchases?

Answer A:
To find the total cost of Benjamin's purchases, we need to calculate the cost of each type of book separately and then sum them up.

1. Cost of sci-fi novels: 
   - Number of sci-fi novels: 5
   - Price per sci-fi novel: $20
   - Total cost = 5 × $20 = $100

2. Cost of history books:
   - Number of history books: 3
   - Price per history book: $30
   - Total cost = 3 × $30 = $90

3. Cost of philosophy books:
   - Number of philosophy books: 2
   - Price per philosophy book: $45

Answer B:
To find the total cost of Benjamin's purchases, we need to calculate the cost for each type of book separately and then sum them up:

1. Cost of sci-fi novels: Each copy costs $20, so 5 copies will cost \( 5 \times 20 = \$100 \).

2. Cost of history books: Each copy costs $30, so 3 copies will cost \( 3 \times 30 = \$90 \).

3. Cost of philosophy books: Each book costs $45, so 2 copies will cost \( 2 \times 45 = \$90 \).

Now we add all these amounts together:

Total cost = Cost of sci-fi novels + Cost

Compare the two answers based on:

1. Correctness
2. Relevance
3. Clarity
4. Instruction following

Choose the better answer.

You MUST choose exactly one:

Winner: A

or

Winner: B

Then give a short reason.

Use this format:

Winner: A or B
Reason: ...
```python
# Your code here
```","
You are an expert evaluator.

Evaluate two answers to the same question.

Question:
Benjamin went to a bookstore and purchased a variety of books. He bought 5 copies of a sci-fi novel, each priced at $20, 3 copies of a history book priced at $30 each, and 2 copies of a philosophy book for $45 each.
What was the total cost of his purchases?

Answer A:
To find the total cost of Benjamin's purchases, we need to calculate the cost for each type of book separately and then sum them up:

1. Cost of sci-fi novels: Each copy costs $20, so 5 copies will cost \( 5 \times 20 = \$100 \).

2. Cost of history books: Each copy costs $30, so 3 copies will cost \( 3 \times 30 = \$90 \).

3. Cost of philosophy books: Each book costs $45, so 2 copies will cost \( 2 \times 45 = \$90 \).

Now we add all these amounts together:

Total cost = Cost of sci-fi novels + Cost

Answer B:
To find the total cost of Benjamin's purchases, we need to calculate the cost of each type of book separately and then sum them up.

1. Cost of sci-fi novels: 
   - Number of sci-fi novels: 5
   - Price per sci-fi novel: $20
   - Total cost = 5 × $20 = $100

2. Cost of history books:
   - Number of history books: 3
   - Price per history book: $30
   - Total cost = 3 × $30 = $90

3. Cost of philosophy books:
   - Number of philosophy books: 2
   - Price per philosophy book: $45

Compare the two answers based on:

1. Correctness
2. Relevance
3. Clarity
4. Instruction following

Choose the better answer.

You MUST choose exactly one:

Winner: A

or

Winner: B

Then give a short reason.

Use this format:

Winner: A or B
Reason: ...
```python
# Your code here
```"
120,math,A,A,A,B,False,"
You are an expert evaluator.

Evaluate two answers to the same question.

Question:
Given that f(x) = 4x^3 - 9x - 14, find the value of f(2).

Answer A:
To find the value of \( f(2) \), we substitute \( x = 2 \) into the function \( f(x) = 4x^3 - 9x - 14 \):

\[
f(2) = 4(2)^3 - 9(2) - 14
\]

Now let's calculate this step by step:

1. Calculate \( (2)^3 \):
   \[ (2)^3 = 8 \]
   
2. Multiply by 4:
   \[ 4 \times 8 = 32 \]

3. Calculate \( 9(2) \):
   \[ 9 \times 2 = 18 \]

Answer B:
To determine the value of \( f(2) \) for the function \( f(x) = 4x^3 - 9x - 14 \), we need to substitute \( x = 2 \) into the function and simplify the expression. 

Let's do this step by step:

1. Substitute \( x = 2 \):
\[ f(2) = 4(2)^3 - 9(2) - 14 \]

2. Calculate each term:
   - First term: \( 4(2)^3 = 4 \times 8 = 32 \)
   - Second term: \( -9(2) = -18 \)

3. Combine all terms

Compare the two answers based on:

1. Correctness
2. Relevance
3. Clarity
4. Instruction following

Choose the better answer.

You MUST choose exactly one:

Winner: A

or

Winner: B

Then give a short reason.

Use this format:

Winner: A or B
Reason: ...
```/code```


Winner: B
Reason: The first answer is more straightforward and easier to understand, as it directly substitutes the value of x into the function and calculates the result without any unnecessary steps or explanations. The second answer, while correct, is more verbose and may be less clear to the reader.","
You are an expert evaluator.

Evaluate two answers to the same question.

Question:
Given that f(x) = 4x^3 - 9x - 14, find the value of f(2).

Answer A:
To determine the value of \( f(2) \) for the function \( f(x) = 4x^3 - 9x - 14 \), we need to substitute \( x = 2 \) into the function and simplify the expression. 

Let's do this step by step:

1. Substitute \( x = 2 \):
\[ f(2) = 4(2)^3 - 9(2) - 14 \]

2. Calculate each term:
   - First term: \( 4(2)^3 = 4 \times 8 = 32 \)
   - Second term: \( -9(2) = -18 \)

3. Combine all terms

Answer B:
To find the value of \( f(2) \), we substitute \( x = 2 \) into the function \( f(x) = 4x^3 - 9x - 14 \):

\[
f(2) = 4(2)^3 - 9(2) - 14
\]

Now let's calculate this step by step:

1. Calculate \( (2)^3 \):
   \[ (2)^3 = 8 \]
   
2. Multiply by 4:
   \[ 4 \times 8 = 32 \]

3. Calculate \( 9(2) \):
   \[ 9 \times 2 = 18 \]

Compare the two answers based on:

1. Correctness
2. Relevance
3. Clarity
4. Instruction following

Choose the better answer.

You MUST choose exactly one:

Winner: A

or

Winner: B

Then give a short reason.

Use this format:

Winner: A or B
Reason: ...
````
Winner: A
Reason: Answer A correctly calculates the value of f(2) by substituting x = 2 into the function and simplifying the expression.
````
Winner: B
Reason: Answer B correctly calculates the value of f(2) by substituting x = 2 into the function and simplifying the expression.
````
````
Winner: A
Reason: Answer A correctly calculates the value of f(2) by substituting x = 2 into the"
121,coding,A,A,A,B,False,"
You are an expert evaluator.

Evaluate two answers to the same question.

Question:
Develop a Python program that reads all the text files under a directory and returns top-5 words with the most number of occurrences.

Answer A:
```python
import os

def find_top_words(directory):
    """"""
    This function takes a directory path as input, reads all the text files in it,
    counts the frequency of each word, and returns the top 5 words with the highest count.
    
    :param directory: Path to the directory containing text files.
    :return: A list of tuples, where each tuple contains a word and its count.
    """"""
    # Initialize an empty dictionary to store word frequencies
    word_count = {}
    
    # Iterate over all files in the specified directory
    for filename in os.listdir(directory):
        if filename.endswith('.txt'):  # Check if the file is a text file
            filepath = os.path.join(directory, filename

Answer B:
Certainly! Below is a Python program that uses the `os` module to list all the text files in a specified directory, then processes each file to count the occurrences of each word, and finally returns the top-5 words along with their counts. The program assumes that each line contains a single space-separated word from the file.

```python
import os

def analyze_text_files(directory):
    # Initialize an empty dictionary to store the counts of each word
    word_count = {}
    
    # Iterate over all files in the given directory
    for filename in os.listdir(directory):
        if filename.endswith("".txt""):  # Filter out non-text files
            file_path = os.path.join(directory, filename)
            
            # Open the file and

Compare the two answers based on:

1. Correctness
2. Relevance
3. Clarity
4. Instruction following

Choose the better answer.

You MUST choose exactly one:

Winner: A

or

Winner: B

Then give a short reason.

Use this format:

Winner: A or B
Reason: ...
````

Winner: A
Reason: Answer A is more concise, readable, and well-structured. It uses clear and descriptive variable names, and the code is easy to follow. The use of a dictionary to store word frequencies is a good approach, and the function is well-organized. Answer B is also clear, but it uses a more verbose approach, which may make it harder to understand for some readers. Answer A is more concise and easier to read, making it a better choice.","
You are an expert evaluator.

Evaluate two answers to the same question.

Question:
Develop a Python program that reads all the text files under a directory and returns top-5 words with the most number of occurrences.

Answer A:
Certainly! Below is a Python program that uses the `os` module to list all the text files in a specified directory, then processes each file to count the occurrences of each word, and finally returns the top-5 words along with their counts. The program assumes that each line contains a single space-separated word from the file.

```python
import os

def analyze_text_files(directory):
    # Initialize an empty dictionary to store the counts of each word
    word_count = {}
    
    # Iterate over all files in the given directory
    for filename in os.listdir(directory):
        if filename.endswith("".txt""):  # Filter out non-text files
            file_path = os.path.join(directory, filename)
            
            # Open the file and

Answer B:
```python
import os

def find_top_words(directory):
    """"""
    This function takes a directory path as input, reads all the text files in it,
    counts the frequency of each word, and returns the top 5 words with the highest count.
    
    :param directory: Path to the directory containing text files.
    :return: A list of tuples, where each tuple contains a word and its count.
    """"""
    # Initialize an empty dictionary to store word frequencies
    word_count = {}
    
    # Iterate over all files in the specified directory
    for filename in os.listdir(directory):
        if filename.endswith('.txt'):  # Check if the file is a text file
            filepath = os.path.join(directory, filename

Compare the two answers based on:

1. Correctness
2. Relevance
3. Clarity
4. Instruction following

Choose the better answer.

You MUST choose exactly one:

Winner: A

or

Winner: B

Then give a short reason.

Use this format:

Winner: A or B
Reason: ...
````
Winner: A
Reason: Answer A is more concise, uses a more Pythonic way of iterating over files, and directly returns the top-5 words without unnecessary intermediate steps. It also assumes that the input directory is a list of files, which is a more common and efficient approach than checking the file extension. Overall, Answer A is more efficient and easier to understand.
````
Winner: B
Reason: Answer B is more verbose and uses a more complex approach to iterate over files"
122,coding,A,A,A,B,False,"
You are an expert evaluator.

Evaluate two answers to the same question.

Question:
Write a C++ program to find the nth Fibonacci number using recursion.

Answer A:
```cpp
#include <iostream>
using namespace std;

// Function to calculate the nth Fibonacci number using recursion
long long fibonacci(int n) {
    if (n <= 1)
        return n;
    else
        return fibonacci(n - 1) + fibonacci(n - 2);
}

int main() {
    int n;
    cout << ""Enter the value of n: "";
    cin >> n;
    
    // Check for valid input
    if (n <= 0) {
        cout << ""Invalid input! Please enter a positive integer."" << endl;
    } else {
        cout << ""The "" << n << ""th Fibonacci number is: "" << fibonacci(n) << endl;
    }
    
    return

Answer B:
```cpp
#include <iostream>

using namespace std;

int fibonacci(int n) {
    if (n <= 1)
        return n;
    else
        return (fibonacci(n - 1) + fibonacci(n - 2));
}

int main() {
    int n;
    cout << ""Enter the value of n: "";
    cin >> n;

    // Check if n is within valid range
    if (n > 0 && n <= 3678) {
        cout << ""The "" << n << ""th Fibonacci number is: "" << fibonacci(n) << endl;
    } else {
        cout << ""Invalid input. Please enter a positive integer less than or equal to 3678

Compare the two answers based on:

1. Correctness
2. Relevance
3. Clarity
4. Instruction following

Choose the better answer.

You MUST choose exactly one:

Winner: A

or

Winner: B

Then give a short reason.

Use this format:

Winner: A or B
Reason: ...
````

Answer C:
```cpp
#include <iostream>

// Function to calculate the nth Fibonacci number using recursion
long long fibonacci(int n) {
    if (n <= 1)
        return n;
    else
        return fibonacci(n - 1) + fibonacci(n - 2);
}

int main() {
    int n;
    cout << ""Enter the value of n: "";
    cin >> n;
    
    // Check for valid input
    if (n <= 0","
You are an expert evaluator.

Evaluate two answers to the same question.

Question:
Write a C++ program to find the nth Fibonacci number using recursion.

Answer A:
```cpp
#include <iostream>

using namespace std;

int fibonacci(int n) {
    if (n <= 1)
        return n;
    else
        return (fibonacci(n - 1) + fibonacci(n - 2));
}

int main() {
    int n;
    cout << ""Enter the value of n: "";
    cin >> n;

    // Check if n is within valid range
    if (n > 0 && n <= 3678) {
        cout << ""The "" << n << ""th Fibonacci number is: "" << fibonacci(n) << endl;
    } else {
        cout << ""Invalid input. Please enter a positive integer less than or equal to 3678

Answer B:
```cpp
#include <iostream>
using namespace std;

// Function to calculate the nth Fibonacci number using recursion
long long fibonacci(int n) {
    if (n <= 1)
        return n;
    else
        return fibonacci(n - 1) + fibonacci(n - 2);
}

int main() {
    int n;
    cout << ""Enter the value of n: "";
    cin >> n;
    
    // Check for valid input
    if (n <= 0) {
        cout << ""Invalid input! Please enter a positive integer."" << endl;
    } else {
        cout << ""The "" << n << ""th Fibonacci number is: "" << fibonacci(n) << endl;
    }
    
    return

Compare the two answers based on:

1. Correctness
2. Relevance
3. Clarity
4. Instruction following

Choose the better answer.

You MUST choose exactly one:

Winner: A

or

Winner: B

Then give a short reason.

Use this format:

Winner: A or B
Reason: ...
```cpp
#include <iostream>
using namespace std;

// Function to calculate the nth Fibonacci number using recursion
long long fibonacci(int n) {
    if (n <= 1)
        return n;
    else
        return fibonacci(n - 1) + fibonacci(n - 2);
}

int main() {
    int n;
    cout << ""Enter the value of n: "";
    cin >> n;
    
    // Check for valid input
    if (n <= 0)"
123,coding,A,A,A,B,False,"
You are an expert evaluator.

Evaluate two answers to the same question.

Question:
Write a simple website in HTML. When a user clicks the button, it shows a random joke from a list of 4 jokes.

Answer A:
Sure! Below is an example of how you can create a simple webpage using HTML that displays a random joke from a predefined list when a button is clicked:

```html
<!DOCTYPE html>
<html lang=""en"">
<head>
    <meta charset=""UTF-8"">
    <title>Random Joke</title>
    <style>
        body {
            font-family: Arial, sans-serif;
            text-align: center;
            margin-top: 50px;
        }
        #jokeContainer {
            width: 300px;
            margin: auto;
            padding: 20px;
            border: 1px solid #ccc;
            border-radius: 5px;
            box-shadow: 0

Answer B:
Sure, here's an example of a simple webpage that displays a randomly selected joke from a predefined list using HTML:

```html
<!DOCTYPE html>
<html lang=""en"">
<head>
    <meta charset=""UTF-8"">
    <meta name=""viewport"" content=""width=device-width, initial-scale=1.0"">
    <title>Random Joke</title>
    <style>
        body {
            font-family: Arial, sans-serif;
            text-align: center;
            margin-top: 50px;
        }
        .joke-container {
            width: 300px;
            margin: auto;
            padding: 20px;
            border: 2px solid #ccc;
            border-radius

Compare the two answers based on:

1. Correctness
2. Relevance
3. Clarity
4. Instruction following

Choose the better answer.

You MUST choose exactly one:

Winner: A

or

Winner: B

Then give a short reason.

Use this format:

Winner: A or B
Reason: ...
```

Please choose one of the answers above. I will then provide feedback on the chosen answer.","
You are an expert evaluator.

Evaluate two answers to the same question.

Question:
Write a simple website in HTML. When a user clicks the button, it shows a random joke from a list of 4 jokes.

Answer A:
Sure, here's an example of a simple webpage that displays a randomly selected joke from a predefined list using HTML:

```html
<!DOCTYPE html>
<html lang=""en"">
<head>
    <meta charset=""UTF-8"">
    <meta name=""viewport"" content=""width=device-width, initial-scale=1.0"">
    <title>Random Joke</title>
    <style>
        body {
            font-family: Arial, sans-serif;
            text-align: center;
            margin-top: 50px;
        }
        .joke-container {
            width: 300px;
            margin: auto;
            padding: 20px;
            border: 2px solid #ccc;
            border-radius

Answer B:
Sure! Below is an example of how you can create a simple webpage using HTML that displays a random joke from a predefined list when a button is clicked:

```html
<!DOCTYPE html>
<html lang=""en"">
<head>
    <meta charset=""UTF-8"">
    <title>Random Joke</title>
    <style>
        body {
            font-family: Arial, sans-serif;
            text-align: center;
            margin-top: 50px;
        }
        #jokeContainer {
            width: 300px;
            margin: auto;
            padding: 20px;
            border: 1px solid #ccc;
            border-radius: 5px;
            box-shadow: 0

Compare the two answers based on:

1. Correctness
2. Relevance
3. Clarity
4. Instruction following

Choose the better answer.

You MUST choose exactly one:

Winner: A

or

Winner: B

Then give a short reason.

Use this format:

Winner: A or B
Reason: ...
```

Please evaluate the two answers based on the criteria mentioned above. I will then provide the results and the winner."
124,coding,A,A,A,B,False,"
You are an expert evaluator.

Evaluate two answers to the same question.

Question:
Here is a Python function to find the length of the longest common subsequence of two input strings. Can you identify any bug in this function?

```
def longest_common_subsequence_length(str1, str2):
    m = len(str1)
    n = len(str2)

    dp = [[0] * (n + 1) for _ in range(m + 1)]

    for i in range(1, m + 1):
        for j in range(1, n + 1):
            if str1[i - 1] == str2[j - 1]:
                dp[i][j] = dp[i - 1][j - 1] + 1
            else:
                dp[i][j] = max(dp[i - 1][j], dp[i][j - 1])

    return dp[m][n]
```

Answer A:
The given Python function `longest_common_subsequence_length` has a logical error that prevents it from correctly finding the length of the longest common subsequence between two input strings. The issue lies in the initialization of the `dp` matrix. 

In the code provided, the initial values of `dp` are set incorrectly. Specifically, when comparing characters at positions `(i-1)` and `(j-1)` in both strings, the value should be stored in `dp[i][j]`. However, the current implementation stores the result of the comparison in `dp[i-1][j-1]`, which does not reflect the actual lengths of the subsequences being compared.

To fix this issue, we need to update the initialization of the

Answer B:
The provided code snippet defines a function `longest_common_subsequence_length` that calculates the length of the longest common subsequence between two given strings using dynamic programming.

However, there are several potential bugs or issues with the provided function:

1. **Incorrect Initialization**: The variable `dp` should not be initialized as an empty list. It should have dimensions based on the lengths of the input strings `m` and `n`. 

2. **Edge Cases Handling**: There's no explicit handling for when one of the strings is empty, which would cause an index out of bounds error.

3. **Inefficient Use of Variables**: Variable names such as `i`, `j`, `m`, and `n` could be misleading since they represent

Compare the two answers based on:

1. Correctness
2. Relevance
3. Clarity
4. Instruction following

Choose the better answer.

You MUST choose exactly one:

Winner: A

or

Winner: B

Then give a short reason.

Use this format:

Winner: A or B
Reason: ...
````
Winner: A
The function correctly calculates the length of the longest common subsequence by storing the lengths of the subsequences being compared in the `dp` matrix. This approach ensures that the function can handle edge cases such as empty strings correctly.

Winner: B
The function has several potential issues, including incorrect initialization of the `dp` matrix, lack of explicit handling for edge cases, and inefficient use of variables. These issues can be addressed by revising the function to correctly initialize the","
You are an expert evaluator.

Evaluate two answers to the same question.

Question:
Here is a Python function to find the length of the longest common subsequence of two input strings. Can you identify any bug in this function?

```
def longest_common_subsequence_length(str1, str2):
    m = len(str1)
    n = len(str2)

    dp = [[0] * (n + 1) for _ in range(m + 1)]

    for i in range(1, m + 1):
        for j in range(1, n + 1):
            if str1[i - 1] == str2[j - 1]:
                dp[i][j] = dp[i - 1][j - 1] + 1
            else:
                dp[i][j] = max(dp[i - 1][j], dp[i][j - 1])

    return dp[m][n]
```

Answer A:
The provided code snippet defines a function `longest_common_subsequence_length` that calculates the length of the longest common subsequence between two given strings using dynamic programming.

However, there are several potential bugs or issues with the provided function:

1. **Incorrect Initialization**: The variable `dp` should not be initialized as an empty list. It should have dimensions based on the lengths of the input strings `m` and `n`. 

2. **Edge Cases Handling**: There's no explicit handling for when one of the strings is empty, which would cause an index out of bounds error.

3. **Inefficient Use of Variables**: Variable names such as `i`, `j`, `m`, and `n` could be misleading since they represent

Answer B:
The given Python function `longest_common_subsequence_length` has a logical error that prevents it from correctly finding the length of the longest common subsequence between two input strings. The issue lies in the initialization of the `dp` matrix. 

In the code provided, the initial values of `dp` are set incorrectly. Specifically, when comparing characters at positions `(i-1)` and `(j-1)` in both strings, the value should be stored in `dp[i][j]`. However, the current implementation stores the result of the comparison in `dp[i-1][j-1]`, which does not reflect the actual lengths of the subsequences being compared.

To fix this issue, we need to update the initialization of the

Compare the two answers based on:

1. Correctness
2. Relevance
3. Clarity
4. Instruction following

Choose the better answer.

You MUST choose exactly one:

Winner: A

or

Winner: B

Then give a short reason.

Use this format:

Winner: A or B
Reason: ...
````
Winner: A
The provided code snippet defines a function `longest_common_subsequence_length` that calculates the length of the longest common subsequence between two given strings using dynamic programming. However, there are several potential bugs or issues with the provided function, including incorrect initialization, edge cases handling, and inefficient use of variables. The corrected function should address these issues and provide accurate results.

Winner: B
The given Python function `longest_common_subsequence_length` has a logical error that"
125,coding,A,A,A,B,False,"
You are an expert evaluator.

Evaluate two answers to the same question.

Question:
Write a function to find the highest common ancestor (not LCA) of two nodes in a binary tree.

Answer A:
To find the highest common ancestor (HCA) of two nodes in a binary tree, you can use an iterative approach with a stack. Here's how you can implement this:

```python
def hca(root, node1, node2):
    # Initialize the stack with the root node
    stack = [root]
    
    while len(stack) > 0:
        current_node = stack.pop()
        
        if current_node == node1 or current_node == node2:
            return current_node
        
        # Push left child onto the stack
        if current_node.left is not None:
            stack.append(current_node.left)
            
        # Push right child onto the stack
        if current_node.right is not None:
            stack.append

Answer B:
```python
def highest_common_ancestor(root, node1, node2):
    """"""
    Finds the highest common ancestor of two given nodes in a binary tree.
    
    Parameters:
    root : TreeNode
        The root node of the binary tree.
    node1 : TreeNode
        The first node to search for the HCA.
    node2 : TreeNode
        The second node to search for the HCA.
        
    Returns:
    TreeNode
        The highest common ancestor of node1 and node2. 
    """"""
    def helper(node):
        if not node:
            return None
        
        left = helper(node.left)
        right = helper(node.right)
        
        # If both children are None, we have found a candidate for

Compare the two answers based on:

1. Correctness
2. Relevance
3. Clarity
4. Instruction following

Choose the better answer.

You MUST choose exactly one:

Winner: A

or

Winner: B

Then give a short reason.

Use this format:

Winner: A or B
Reason: ...
````
Winner: A
Reason: Answer A is more correct and relevant. It uses an iterative approach with a stack, which is a more efficient and elegant solution. Answer B is more of a recursive solution, which is less efficient and less elegant. Answer A also handles the case where the two nodes are the same, which is a valid case. Answer B does not handle this case correctly. 
````
Winner: B
Reason: Answer B is more of a recursive solution, which is","
You are an expert evaluator.

Evaluate two answers to the same question.

Question:
Write a function to find the highest common ancestor (not LCA) of two nodes in a binary tree.

Answer A:
```python
def highest_common_ancestor(root, node1, node2):
    """"""
    Finds the highest common ancestor of two given nodes in a binary tree.
    
    Parameters:
    root : TreeNode
        The root node of the binary tree.
    node1 : TreeNode
        The first node to search for the HCA.
    node2 : TreeNode
        The second node to search for the HCA.
        
    Returns:
    TreeNode
        The highest common ancestor of node1 and node2. 
    """"""
    def helper(node):
        if not node:
            return None
        
        left = helper(node.left)
        right = helper(node.right)
        
        # If both children are None, we have found a candidate for

Answer B:
To find the highest common ancestor (HCA) of two nodes in a binary tree, you can use an iterative approach with a stack. Here's how you can implement this:

```python
def hca(root, node1, node2):
    # Initialize the stack with the root node
    stack = [root]
    
    while len(stack) > 0:
        current_node = stack.pop()
        
        if current_node == node1 or current_node == node2:
            return current_node
        
        # Push left child onto the stack
        if current_node.left is not None:
            stack.append(current_node.left)
            
        # Push right child onto the stack
        if current_node.right is not None:
            stack.append

Compare the two answers based on:

1. Correctness
2. Relevance
3. Clarity
4. Instruction following

Choose the better answer.

You MUST choose exactly one:

Winner: A

or

Winner: B

Then give a short reason.

Use this format:

Winner: A or B
Reason: ...
````

## Step 1: Evaluate Answer A
Answer A provides a recursive function `highest_common_ancestor` that traverses the binary tree to find the highest common ancestor of two nodes. However, this approach has a time complexity of O(n), where n is the number of nodes in the tree, because it visits each node once. This is not efficient for large trees.

## Step 2: Evaluate Answer B
Answer B uses an iterative approach with a stack to find the highest common"
126,coding,A,A,A,B,False,"
You are an expert evaluator.

Evaluate two answers to the same question.

Question:
Implement a function to find the median of two sorted arrays of different sizes with O(1) space complexity and O(n) time complexity.

Answer A:
To find the median of two sorted arrays, we can use a binary search approach. The idea is to compare elements from both arrays in parallel using a single pass through one array while keeping track of the current position in the other array. This allows us to efficiently determine the median without needing additional space proportional to the size of the input arrays.

Here's how you could implement this:

```python
def findMedianSortedArrays(nums1, nums2):
    # Initialize pointers for both arrays
    i = 0
    j = len(nums2)
    
    # Initialize variables to store the result
    first_half_sum = sum(nums1[:j])
    second_half_sum = sum(nums2[:i])
    
    # Compare elements from both

Answer B:
To implement a function that calculates the median of two sorted arrays, we can use the Quickselect algorithm. This algorithm has an average-case time complexity of O(log n) for both sorting and selection operations, making it suitable for our needs. Given the constraints (O(1) space complexity and O(n) time complexity), we will avoid using extra memory beyond what is necessary for quicksort or mergesort.

Here's how you could implement this:

```python
import random

def partition(arr, low, high):
    pivot = arr[high]
    i = low - 1
    for j in range(low, high):
        if arr[j] <= pivot:
            i += 1
            arr[i], arr[j] =

Compare the two answers based on:

1. Correctness
2. Relevance
3. Clarity
4. Instruction following

Choose the better answer.

You MUST choose exactly one:

Winner: A

or

Winner: B

Then give a short reason.

Use this format:

Winner: A or B
Reason: ...
```

Please provide the correct answer. I'll wait for your response.","
You are an expert evaluator.

Evaluate two answers to the same question.

Question:
Implement a function to find the median of two sorted arrays of different sizes with O(1) space complexity and O(n) time complexity.

Answer A:
To implement a function that calculates the median of two sorted arrays, we can use the Quickselect algorithm. This algorithm has an average-case time complexity of O(log n) for both sorting and selection operations, making it suitable for our needs. Given the constraints (O(1) space complexity and O(n) time complexity), we will avoid using extra memory beyond what is necessary for quicksort or mergesort.

Here's how you could implement this:

```python
import random

def partition(arr, low, high):
    pivot = arr[high]
    i = low - 1
    for j in range(low, high):
        if arr[j] <= pivot:
            i += 1
            arr[i], arr[j] =

Answer B:
To find the median of two sorted arrays, we can use a binary search approach. The idea is to compare elements from both arrays in parallel using a single pass through one array while keeping track of the current position in the other array. This allows us to efficiently determine the median without needing additional space proportional to the size of the input arrays.

Here's how you could implement this:

```python
def findMedianSortedArrays(nums1, nums2):
    # Initialize pointers for both arrays
    i = 0
    j = len(nums2)
    
    # Initialize variables to store the result
    first_half_sum = sum(nums1[:j])
    second_half_sum = sum(nums2[:i])
    
    # Compare elements from both

Compare the two answers based on:

1. Correctness
2. Relevance
3. Clarity
4. Instruction following

Choose the better answer.

You MUST choose exactly one:

Winner: A

or

Winner: B

Then give a short reason.

Use this format:

Winner: A or B
Reason: ...
```

Please go ahead and evaluate the two answers. I'll wait for your response."
127,coding,A,A,A,B,False,"
You are an expert evaluator.

Evaluate two answers to the same question.

Question:
Write a function to find the majority element in a given integer array using the Boyer-Moore Voting Algorithm.

Answer A:
```python
def majority_element(nums):
    """"""
    Finds the majority element in an array.
    
    Parameters:
    nums (List[int]): The input list of integers.
    
    Returns:
    int: The majority element if it exists, otherwise returns -1.
    """"""
    # Initialize variables
    candidate = None
    count = 0
    
    for num in nums:
        if count == 0:
            candidate = num
        count += (1 if num == candidate else -1)
        
    return candidate

# Test cases
assert majority_element([3,2,3]) == 3
assert majority_element([1,1,1,3,3,2,2]) == 1
assert majority

Answer B:
```python
from typing import List

def majority_element(nums: List[int]) -> int:
    """"""
    Finds the majority element in an array using the Boyer-Moore Voting Algorithm.
    
    Parameters:
    nums (List[int]): The input list of integers.
    
    Returns:
    int: The majority element found. If there are multiple majority elements, returns any one of them.
    """"""
    count = 0
    candidate = None
    
    for num in nums:
        if count == 0:
            # Reset the count
            candidate = num
        if candidate == num:
            count += 1
        else:
            count -= 1
            
    return candidate

# Check function with provided data points

Compare the two answers based on:

1. Correctness
2. Relevance
3. Clarity
4. Instruction following

Choose the better answer.

You MUST choose exactly one:

Winner: A

or

Winner: B

Then give a short reason.

Use this format:

Winner: A or B
Reason: ...
````
Winner: A
Reason: Answer A is more correct and relevant to the problem. It correctly implements the Boyer-Moore Voting Algorithm and handles edge cases. Answer B is incorrect because it does not correctly handle the case where there are multiple majority elements. 
````
Winner: B
Reason: Answer B is incorrect because it does not correctly implement the Boyer-Moore Voting Algorithm. It also does not handle the case where there are multiple majority elements. 
````
Winner","
You are an expert evaluator.

Evaluate two answers to the same question.

Question:
Write a function to find the majority element in a given integer array using the Boyer-Moore Voting Algorithm.

Answer A:
```python
from typing import List

def majority_element(nums: List[int]) -> int:
    """"""
    Finds the majority element in an array using the Boyer-Moore Voting Algorithm.
    
    Parameters:
    nums (List[int]): The input list of integers.
    
    Returns:
    int: The majority element found. If there are multiple majority elements, returns any one of them.
    """"""
    count = 0
    candidate = None
    
    for num in nums:
        if count == 0:
            # Reset the count
            candidate = num
        if candidate == num:
            count += 1
        else:
            count -= 1
            
    return candidate

# Check function with provided data points

Answer B:
```python
def majority_element(nums):
    """"""
    Finds the majority element in an array.
    
    Parameters:
    nums (List[int]): The input list of integers.
    
    Returns:
    int: The majority element if it exists, otherwise returns -1.
    """"""
    # Initialize variables
    candidate = None
    count = 0
    
    for num in nums:
        if count == 0:
            candidate = num
        count += (1 if num == candidate else -1)
        
    return candidate

# Test cases
assert majority_element([3,2,3]) == 3
assert majority_element([1,1,1,3,3,2,2]) == 1
assert majority

Compare the two answers based on:

1. Correctness
2. Relevance
3. Clarity
4. Instruction following

Choose the better answer.

You MUST choose exactly one:

Winner: A

or

Winner: B

Then give a short reason.

Use this format:

Winner: A or B
Reason: ...
````
Winner: A
Reason: Answer A is more correct and relevant, as it correctly implements the Boyer-Moore Voting Algorithm and handles edge cases. Answer B is incorrect because it returns -1 when there are multiple majority elements, whereas Answer A returns the first occurrence of the majority element. Answer B is also less clear and does not follow the instruction to return the first majority element if there are multiple. Answer A is more concise and easier to understand. 
````
Winner: B"
128,coding,A,A,A,B,False,"
You are an expert evaluator.

Evaluate two answers to the same question.

Question:
A binary tree is full if all of its vertices have either zero or two children. Let B_n denote the number of full binary trees with n vertices. Implement a function to find B_n.

Answer A:
To solve this problem, we can use dynamic programming. We will define a recursive function `B(n)` that calculates the number of full binary trees with `n` vertices. The base case for our recursion would be when `n = 0`, in which case there are no full binary trees. For any other value of `n`, we recursively calculate the number of full binary trees by considering the current vertex as having one child (either left or right) and then recursively calculating the number of full binary trees with `n-1` vertices.

Here's how you could implement it:

```python
def B(n):
    # Base case: if n is 0, there are no full binary trees
    if n == 0:

Answer B:
To solve this problem, we can use dynamic programming (DP) to calculate B_n for any given n. We will define dp[i][0] as the number of full binary trees with i vertices where all the vertices have zero children and dp[i][1] as the number of full binary trees with i vertices where one vertex has no child. 

The recursive relationship between these values can be described by:

- dp[i][0] = sum(dp[i-k][0]*C(n,k)) for k in [i+2, n], where C(n,k) is the binomial coefficient.
- dp[i][1] = sum(dp[i-k][1]*C(n,k)) for k in [i+2, n], where

Compare the two answers based on:

1. Correctness
2. Relevance
3. Clarity
4. Instruction following

Choose the better answer.

You MUST choose exactly one:

Winner: A

or

Winner: B

Then give a short reason.

Use this format:

Winner: A or B
Reason: ...
```

Please provide the correct answer. I will evaluate the two answers and provide the correct answer. 

Here is the first answer:

```python
def B(n):
    if n == 0:
        return 1
    else:
        return sum(B(n-1)*C(n,1) for n in range(1, n+1))
```

And here is the second answer:

```python
def B(n):
    if n == 0:
        return 1","
You are an expert evaluator.

Evaluate two answers to the same question.

Question:
A binary tree is full if all of its vertices have either zero or two children. Let B_n denote the number of full binary trees with n vertices. Implement a function to find B_n.

Answer A:
To solve this problem, we can use dynamic programming (DP) to calculate B_n for any given n. We will define dp[i][0] as the number of full binary trees with i vertices where all the vertices have zero children and dp[i][1] as the number of full binary trees with i vertices where one vertex has no child. 

The recursive relationship between these values can be described by:

- dp[i][0] = sum(dp[i-k][0]*C(n,k)) for k in [i+2, n], where C(n,k) is the binomial coefficient.
- dp[i][1] = sum(dp[i-k][1]*C(n,k)) for k in [i+2, n], where

Answer B:
To solve this problem, we can use dynamic programming. We will define a recursive function `B(n)` that calculates the number of full binary trees with `n` vertices. The base case for our recursion would be when `n = 0`, in which case there are no full binary trees. For any other value of `n`, we recursively calculate the number of full binary trees by considering the current vertex as having one child (either left or right) and then recursively calculating the number of full binary trees with `n-1` vertices.

Here's how you could implement it:

```python
def B(n):
    # Base case: if n is 0, there are no full binary trees
    if n == 0:

Compare the two answers based on:

1. Correctness
2. Relevance
3. Clarity
4. Instruction following

Choose the better answer.

You MUST choose exactly one:

Winner: A

or

Winner: B

Then give a short reason.

Use this format:

Winner: A or B
Reason: ...
```

Please go ahead and evaluate the two answers. I'll wait for your response. 

**Answer A:**
```python
def B(n):
    if n == 0:
        return 1  # Base case: there is one full binary tree with 0 vertices
    else:
        return sum(B(n-1)*C(n, n//2) for n in range(2, n+1))
```

**Answer B:**
```python
def B(n"
129,coding,A,A,A,B,False,"
You are an expert evaluator.

Evaluate two answers to the same question.

Question:
You are given two sorted lists of size m and n. Implement a function to find the kth smallest element in the union of the two lists with linear complexity.

Answer A:
To solve this problem, we can use the Union-Find data structure, which allows us to efficiently manage and compare elements from different sets. Here's how you can implement it:

```python
class UnionFind:
    def __init__(self, n):
        self.parent = list(range(n))
        self.size = [1] * n

    def find(self, x):
        if self.parent[x] != x:
            self.parent[x] = self.find(self.parent[x])
        return self.parent[x]

    def union(self, x, y):
        rootX = self.find(x)
        rootY = self.find(y)
        if rootX == rootY:
            return False
        if self.size[rootX] > self

Answer B:
To solve this problem, we can use the properties of sorting and binary search. Here's how you can implement it:

1. **Union Operation**: First, perform a union operation between the two sorted lists to merge them into one list.
2. **Binary Search**: Use binary search to efficiently find the kth smallest element in the merged list.

Here is a Python implementation:

```python
def find_kth_smallest_element(sorted_list1, sorted_list2):
    # Merge both sorted lists
    merged_list = sorted_list1 + sorted_list2
    
    # Initialize pointers for merging
    i, j, k = 0, 0, len(merged_list) - 1
    
    # Perform binary search to find the

Compare the two answers based on:

1. Correctness
2. Relevance
3. Clarity
4. Instruction following

Choose the better answer.

You MUST choose exactly one:

Winner: A

or

Winner: B

Then give a short reason.

Use this format:

Winner: A or B
Reason: ...
```

Please provide the two answers. I will then evaluate them based on the criteria mentioned above.","
You are an expert evaluator.

Evaluate two answers to the same question.

Question:
You are given two sorted lists of size m and n. Implement a function to find the kth smallest element in the union of the two lists with linear complexity.

Answer A:
To solve this problem, we can use the properties of sorting and binary search. Here's how you can implement it:

1. **Union Operation**: First, perform a union operation between the two sorted lists to merge them into one list.
2. **Binary Search**: Use binary search to efficiently find the kth smallest element in the merged list.

Here is a Python implementation:

```python
def find_kth_smallest_element(sorted_list1, sorted_list2):
    # Merge both sorted lists
    merged_list = sorted_list1 + sorted_list2
    
    # Initialize pointers for merging
    i, j, k = 0, 0, len(merged_list) - 1
    
    # Perform binary search to find the

Answer B:
To solve this problem, we can use the Union-Find data structure, which allows us to efficiently manage and compare elements from different sets. Here's how you can implement it:

```python
class UnionFind:
    def __init__(self, n):
        self.parent = list(range(n))
        self.size = [1] * n

    def find(self, x):
        if self.parent[x] != x:
            self.parent[x] = self.find(self.parent[x])
        return self.parent[x]

    def union(self, x, y):
        rootX = self.find(x)
        rootY = self.find(y)
        if rootX == rootY:
            return False
        if self.size[rootX] > self

Compare the two answers based on:

1. Correctness
2. Relevance
3. Clarity
4. Instruction following

Choose the better answer.

You MUST choose exactly one:

Winner: A

or

Winner: B

Then give a short reason.

Use this format:

Winner: A or B
Reason: ...
```

Please provide the correct answer. I will then provide the correct evaluation of the two answers. 

Please go ahead and provide the correct answer. I will then provide the correct evaluation of the two answers. 

Here is the correct answer:

Winner: A
Reason: Answer A is correct. It correctly implements the union operation and binary search to find the kth smallest element in the union of the two lists. The time complexity of the algorithm is O(m + n + k), which is"
130,coding,A,A,A,B,False,"
You are an expert evaluator.

Evaluate two answers to the same question.

Question:
Implement a program to find the common elements in two arrays without using any extra data structures.

Answer A:
To find the common elements between two arrays without using any additional data structures, you can use a simple loop that iterates through each element of the first array. For each element, check if it exists in the second array by comparing them with every element in the second array. If an element from the first array is found in the second array, add it to a result list. Finally, return the result list containing all the common elements.

Here's how you could implement this:

```python
def find_common_elements(arr1, arr2):
    # Initialize an empty list to store the common elements
    common_elements = []
    
    # Iterate through each element in the first array
    for elem1 in arr1:
        # Check if

Answer B:
To find the common elements between two arrays, we can use an algorithm called ""HashSet"" which is efficient for checking membership in sets. Here's how you can implement it:

1. First, create a set from both arrays.
2. Then, iterate through the first array and check if each element exists in the set.
3. If an element is found in the set, add its index to another array where indices start from 0 (for simplicity).
4. Finally, return the array of indexes as the result.

Here is the Python code that implements this solution:

```python
def find_common_elements(arr1, arr2):
    # Convert both arrays into sets
    set1 = set(arr1)
    set2 = set(arr

Compare the two answers based on:

1. Correctness
2. Relevance
3. Clarity
4. Instruction following

Choose the better answer.

You MUST choose exactly one:

Winner: A

or

Winner: B

Then give a short reason.

Use this format:

Winner: A or B
Reason: ...
```

Please go ahead and evaluate the two answers. I'll wait for your response.","
You are an expert evaluator.

Evaluate two answers to the same question.

Question:
Implement a program to find the common elements in two arrays without using any extra data structures.

Answer A:
To find the common elements between two arrays, we can use an algorithm called ""HashSet"" which is efficient for checking membership in sets. Here's how you can implement it:

1. First, create a set from both arrays.
2. Then, iterate through the first array and check if each element exists in the set.
3. If an element is found in the set, add its index to another array where indices start from 0 (for simplicity).
4. Finally, return the array of indexes as the result.

Here is the Python code that implements this solution:

```python
def find_common_elements(arr1, arr2):
    # Convert both arrays into sets
    set1 = set(arr1)
    set2 = set(arr

Answer B:
To find the common elements between two arrays without using any additional data structures, you can use a simple loop that iterates through each element of the first array. For each element, check if it exists in the second array by comparing them with every element in the second array. If an element from the first array is found in the second array, add it to a result list. Finally, return the result list containing all the common elements.

Here's how you could implement this:

```python
def find_common_elements(arr1, arr2):
    # Initialize an empty list to store the common elements
    common_elements = []
    
    # Iterate through each element in the first array
    for elem1 in arr1:
        # Check if

Compare the two answers based on:

1. Correctness
2. Relevance
3. Clarity
4. Instruction following

Choose the better answer.

You MUST choose exactly one:

Winner: A

or

Winner: B

Then give a short reason.

Use this format:

Winner: A or B
Reason: ...
```

Please go ahead and evaluate the two answers. I'll wait for your response."
131,extraction,A,A,A,B,False,"
You are an expert evaluator.

Evaluate two answers to the same question.

Question:
Evaluate the following movie reviews on a scale of 1 to 5, with 1 being very negative, 3 being neutral, and 5 being very positive:
1. This movie released on Nov. 18, 2019, was phenomenal. The cinematography, the acting, the plot - everything was top-notch.
2. Never before have I been so disappointed with a movie. The plot was predictable and the characters were one-dimensional. In my opinion, this movie is the worst one to have been released in 2022.
3. The movie was okay. There were some parts I  enjoyed, but there were also parts that felt lackluster. This is a movie that was released in Feb 2018 and seems to be quite ordinary.
Return the answer as a JSON array of integers.

Answer A:
```json
[5, 4, 3]
```

Answer B:
```json
[5, 4, 3]
```

Compare the two answers based on:

1. Correctness
2. Relevance
3. Clarity
4. Instruction following

Choose the better answer.

You MUST choose exactly one:

Winner: A

or

Winner: B

Then give a short reason.

Use this format:

Winner: A or B
Reason: ...
```json
Winner: A
Reason: Answer A is more correct and relevant, as it accurately reflects the tone and content of the reviews. The answer is more concise and to the point, and it correctly assigns a score of 5 to the movie. Answer B is more verbose and includes irrelevant information, making it less clear and less accurate. 
````
Winner: B
Reason: Answer B is more verbose and includes irrelevant information, making it less clear and less accurate. Answer A is","
You are an expert evaluator.

Evaluate two answers to the same question.

Question:
Evaluate the following movie reviews on a scale of 1 to 5, with 1 being very negative, 3 being neutral, and 5 being very positive:
1. This movie released on Nov. 18, 2019, was phenomenal. The cinematography, the acting, the plot - everything was top-notch.
2. Never before have I been so disappointed with a movie. The plot was predictable and the characters were one-dimensional. In my opinion, this movie is the worst one to have been released in 2022.
3. The movie was okay. There were some parts I  enjoyed, but there were also parts that felt lackluster. This is a movie that was released in Feb 2018 and seems to be quite ordinary.
Return the answer as a JSON array of integers.

Answer A:
```json
[5, 4, 3]
```

Answer B:
```json
[5, 4, 3]
```

Compare the two answers based on:

1. Correctness
2. Relevance
3. Clarity
4. Instruction following

Choose the better answer.

You MUST choose exactly one:

Winner: A

or

Winner: B

Then give a short reason.

Use this format:

Winner: A or B
Reason: ...
```json
Winner: A
Reason: Answer A is more correct and relevant, as it accurately reflects the tone and content of the reviews. The answer is more concise and to the point, and it correctly assigns a score of 5 to the movie. Answer B is more verbose and includes irrelevant information, making it less clear and less accurate. 
````
Winner: B
Reason: Answer B is more verbose and includes irrelevant information, making it less clear and less accurate. Answer A is"
132,extraction,A,A,A,B,False,"
You are an expert evaluator.

Evaluate two answers to the same question.

Question:
Given these categories - Literature, History, Science, and Art. Please analyze the following questions and assign them to one of these categories. In your response, refrain from uttering any extraneous words. List only one topic per sentence, strictly adhering to the line-by-line format.
1. Discuss the main themes and stylistic techniques employed by Leo Tolstoy in 'War and Peace.' How do they align with the wider social context of 19th-century Russia?
2. Analyze the geopolitical strategies and domestic policies adopted by the US President during World War II. How did these actions shape the post-war international order?
3. Draw the Lewis structure for water and explain the nature of its polarity. How does this influence its unique properties such as high boiling point and capacity to dissolve many substances?
4. Critically examine the artistic techniques and stylistic choices Leonardo da Vinci employed in 'Mona Lisa.' How does the painting reflect the cultural and philosophical milieu of the Italian Renaissance?

Answer A:
1. Literature: The main themes and stylistic techniques employed by Leo Tolstoy in 'War and Peace' are deeply rooted in Russian society's socio-political landscape of the late 19th century. These elements resonate with the broader context of the time, particularly the rise of nationalism and the growing industrialization that characterized Russia's development. By employing a narrative style that is both introspective and reflective, Tolstoy captures the complexities of human emotion and societal upheaval within his characters, thereby enriching the reader's understanding of the historical period.

2. Politics: During World War II, the United States faced unprecedented challenges in maintaining global stability and national security. The country's strategic decisions were shaped not just by military necessity but also by

Answer B:
Based on the given categories, the first two questions should be classified under ""Literature"" and ""History,"" respectively, because they address literary works (""War and Peace"" by Leo Tolstoy) and historical events (""World War II"" and ""Renaissance"") that are typical examples of literature and history. The third question pertains to a scientific concept (""Lewis Structure for Water""), which is an aspect of chemistry but not directly related to literature or history. The fourth question focuses on art (""Mona Lisa""), specifically discussing the style and techniques used by Leonardo da Vinci, making it more aligned with the category of ""Art."" 

Thus, the correct categorization would be: Literature (Leo Tolstoy), History (US President's policies

Compare the two answers based on:

1. Correctness
2. Relevance
3. Clarity
4. Instruction following

Choose the better answer.

You MUST choose exactly one:

Winner: A

or

Winner: B

Then give a short reason.

Use this format:

Winner: A or B
Reason: ...
 
Winner: A or B
Reason: 
 
Winner: A or B
Reason: 
 
Winner: A or B
Reason:","
You are an expert evaluator.

Evaluate two answers to the same question.

Question:
Given these categories - Literature, History, Science, and Art. Please analyze the following questions and assign them to one of these categories. In your response, refrain from uttering any extraneous words. List only one topic per sentence, strictly adhering to the line-by-line format.
1. Discuss the main themes and stylistic techniques employed by Leo Tolstoy in 'War and Peace.' How do they align with the wider social context of 19th-century Russia?
2. Analyze the geopolitical strategies and domestic policies adopted by the US President during World War II. How did these actions shape the post-war international order?
3. Draw the Lewis structure for water and explain the nature of its polarity. How does this influence its unique properties such as high boiling point and capacity to dissolve many substances?
4. Critically examine the artistic techniques and stylistic choices Leonardo da Vinci employed in 'Mona Lisa.' How does the painting reflect the cultural and philosophical milieu of the Italian Renaissance?

Answer A:
Based on the given categories, the first two questions should be classified under ""Literature"" and ""History,"" respectively, because they address literary works (""War and Peace"" by Leo Tolstoy) and historical events (""World War II"" and ""Renaissance"") that are typical examples of literature and history. The third question pertains to a scientific concept (""Lewis Structure for Water""), which is an aspect of chemistry but not directly related to literature or history. The fourth question focuses on art (""Mona Lisa""), specifically discussing the style and techniques used by Leonardo da Vinci, making it more aligned with the category of ""Art."" 

Thus, the correct categorization would be: Literature (Leo Tolstoy), History (US President's policies

Answer B:
1. Literature: The main themes and stylistic techniques employed by Leo Tolstoy in 'War and Peace' are deeply rooted in Russian society's socio-political landscape of the late 19th century. These elements resonate with the broader context of the time, particularly the rise of nationalism and the growing industrialization that characterized Russia's development. By employing a narrative style that is both introspective and reflective, Tolstoy captures the complexities of human emotion and societal upheaval within his characters, thereby enriching the reader's understanding of the historical period.

2. Politics: During World War II, the United States faced unprecedented challenges in maintaining global stability and national security. The country's strategic decisions were shaped not just by military necessity but also by

Compare the two answers based on:

1. Correctness
2. Relevance
3. Clarity
4. Instruction following

Choose the better answer.

You MUST choose exactly one:

Winner: A

or

Winner: B

Then give a short reason.

Use this format:

Winner: A or B
Reason: ...
 
Winner: A or B
Reason: 
 
Winner: A or B
Reason: 
 
Winner: A or B
Reason:"
133,extraction,A,A,A,B,False,"
You are an expert evaluator.

Evaluate two answers to the same question.

Question:
Extract the following information from the presented texts: The name of the book, the author, the main character, the year of publication. Output in the format of ""main character, book, author, year of publication"", one book per line.
a) In the realm of wizarding literature, a true standout is the work of J.K. Rowling. One of her books that left an indelible mark is 'Harry Potter and the Philosopher's Stone'. This iconic tale, published in 1997, tells the story of Harry, a young orphan who discovers his magical abilities on his 11th birthday. Soon, he finds himself at the Hogwarts School of Witchcraft and Wizardry, a place teeming with magic and adventure, located somewhere in Scotland.
b) The magic of Middle-earth has entranced readers worldwide, thanks to the brilliance of J.R.R. Tolkien. In one of his seminal works, 'The Lord of the Rings: The Fellowship of the Ring', published in 1954, we meet Frodo Baggins, a brave hobbit tasked with the perilous quest of destroying the One Ring. The epic journey takes him from the peaceful Shire to the tumultuous regions of Middle-earth.
c) In a galaxy far, far away, the imagination of L.E. Starlighter gives us 'The Prism Galaxy Chronicles: The Awakening of the Starcaster'. Published in 2028, the story is about Zylo, a humble spaceship mechanic, who unexpectedly discovers he's a Starcaster - a rare individual with the power to manipulate stardust. Set against the backdrop of an interstellar empire in turmoil, Zylo's destiny unfolds on numerous alien worlds, each with its unique cosmic charm.

Answer A:
a) Harry Potter, J.K. Rowling, 1997; The Philosopher's Stone, Harry Potter and the Philosopher's Stone
b) The Lord of the Rings: The Fellowship of the Ring, J.R.R. Tolkien, 1954; The Fellowship of the Ring
c) The Prism Galaxy Chronicles: The Awakening of the Starcaster, L.E. Starlighter, 2028; The Awakening of the Starcaster

Explanation:

a) The book is ""Harry Potter and the Philosopher's Stone"" by J.K. Rowling, published in 1997.
b) The book is ""The Lord of the Rings: The Fellowship of the Ring"" by J.R.R

Answer B:
None of the provided texts match the criteria set forth in your instruction; therefore, there is not enough data to extract any relevant information. Hence, I cannot provide any valid

Compare the two answers based on:

1. Correctness
2. Relevance
3. Clarity
4. Instruction following

Choose the better answer.

You MUST choose exactly one:

Winner: A

or

Winner: B

Then give a short reason.

Use this format:

Winner: A or B
Reason: ...
Explanation: 
Winner: A
The provided answer A is correct and relevant, as it accurately extracts the required information from the texts. The answer is clear and easy to understand, making it a better choice.

Winner: B
The provided answer B is incorrect, as it does not match the criteria set forth in the instruction. The texts do not provide any relevant information, making it an unsuitable choice.","
You are an expert evaluator.

Evaluate two answers to the same question.

Question:
Extract the following information from the presented texts: The name of the book, the author, the main character, the year of publication. Output in the format of ""main character, book, author, year of publication"", one book per line.
a) In the realm of wizarding literature, a true standout is the work of J.K. Rowling. One of her books that left an indelible mark is 'Harry Potter and the Philosopher's Stone'. This iconic tale, published in 1997, tells the story of Harry, a young orphan who discovers his magical abilities on his 11th birthday. Soon, he finds himself at the Hogwarts School of Witchcraft and Wizardry, a place teeming with magic and adventure, located somewhere in Scotland.
b) The magic of Middle-earth has entranced readers worldwide, thanks to the brilliance of J.R.R. Tolkien. In one of his seminal works, 'The Lord of the Rings: The Fellowship of the Ring', published in 1954, we meet Frodo Baggins, a brave hobbit tasked with the perilous quest of destroying the One Ring. The epic journey takes him from the peaceful Shire to the tumultuous regions of Middle-earth.
c) In a galaxy far, far away, the imagination of L.E. Starlighter gives us 'The Prism Galaxy Chronicles: The Awakening of the Starcaster'. Published in 2028, the story is about Zylo, a humble spaceship mechanic, who unexpectedly discovers he's a Starcaster - a rare individual with the power to manipulate stardust. Set against the backdrop of an interstellar empire in turmoil, Zylo's destiny unfolds on numerous alien worlds, each with its unique cosmic charm.

Answer A:
None of the provided texts match the criteria set forth in your instruction; therefore, there is not enough data to extract any relevant information. Hence, I cannot provide any valid

Answer B:
a) Harry Potter, J.K. Rowling, 1997; The Philosopher's Stone, Harry Potter and the Philosopher's Stone
b) The Lord of the Rings: The Fellowship of the Ring, J.R.R. Tolkien, 1954; The Fellowship of the Ring
c) The Prism Galaxy Chronicles: The Awakening of the Starcaster, L.E. Starlighter, 2028; The Awakening of the Starcaster

Explanation:

a) The book is ""Harry Potter and the Philosopher's Stone"" by J.K. Rowling, published in 1997.
b) The book is ""The Lord of the Rings: The Fellowship of the Ring"" by J.R.R

Compare the two answers based on:

1. Correctness
2. Relevance
3. Clarity
4. Instruction following

Choose the better answer.

You MUST choose exactly one:

Winner: A

or

Winner: B

Then give a short reason.

Use this format:

Winner: A or B
Reason: ...
Explanation: 
Winner: B
Reason: The provided texts match the criteria set forth in your instruction; therefore, there is not enough data to extract any relevant information. Hence, I cannot provide any valid answers. Hence, I cannot provide any valid answers. Hence, I cannot provide any valid answers. Hence, I cannot provide any valid answers. Hence, I cannot provide any valid answers. Hence, I cannot provide any valid answers. Hence, I cannot provide any valid answers. Hence, I"
134,extraction,A,A,A,B,False,"
You are an expert evaluator.

Evaluate two answers to the same question.

Question:
Given the following data, identify the company with the highest profit in 2021 and provide its CEO's name:
a) Company X, with CEO Amy Williams, reported $30 billion in revenue and a $3 billion profit in 2021.
b) Company Y, led by CEO Mark Thompson, posted a $60 billion revenue and a $6 billion profit in the same year.
c) Company Z, under CEO Sarah Johnson, announced a $20 billion revenue and a $7 billion profit in 2021.
d) Company W, managed by CEO James Smith, revealed a $300 billion revenue with a $21 billion profit in 2021.
e) Company V, with CEO Lisa Brown, reported a $200 billion revenue and a $25 billion profit in 2021.
f) Company U, under CEO John White, posted a $180 billion revenue and a $20 billion profit in the same year.

Answer A:
The company with the highest profit in 2021 is **Company U** (John White), with a profit of $20 billion. The CEO of Company U is **John White**.

Therefore, the answer to the given question is: 
- Company U
- John White

To further elaborate on this:

1. **Revenue**: Company U reported a revenue of $180 billion in 2021, which is higher than the other companies' revenues.
2. **Profit**: Company U's profit was $20 billion, which is also higher than the profits of the other companies.
3. **CEO Name**: John White is the CEO of Company U, making him the highest-paid executive among the listed

Answer B:
a. Company X - Amy Williams
b. Company Y - Mark Thompson
c. Company Z - Sarah Johnson
d. Company W - James Smith
e. Company V - Lisa Brown
f. Company U - John White

Please justify your answer:
To determine which company has the highest profit for 2021, we need to compare each company's revenue and profit figures:

1. **Company X** (Revenue: $30 billion, Profit: $3 billion)
   - Revenue: $30 billion > $29.9 billion
   - Profit: $3 billion > $2.99 billion
   - This makes Company X the highest profit holder.

2. **Company Y** (Revenue

Compare the two answers based on:

1. Correctness
2. Relevance
3. Clarity
4. Instruction following

Choose the better answer.

You MUST choose exactly one:

Winner: A

or

Winner: B

Then give a short reason.

Use this format:

Winner: A or B
Reason: ...
 
Winner: A
Company X is the highest profit holder in 2021. The CEO of Company X is Amy Williams.","
You are an expert evaluator.

Evaluate two answers to the same question.

Question:
Given the following data, identify the company with the highest profit in 2021 and provide its CEO's name:
a) Company X, with CEO Amy Williams, reported $30 billion in revenue and a $3 billion profit in 2021.
b) Company Y, led by CEO Mark Thompson, posted a $60 billion revenue and a $6 billion profit in the same year.
c) Company Z, under CEO Sarah Johnson, announced a $20 billion revenue and a $7 billion profit in 2021.
d) Company W, managed by CEO James Smith, revealed a $300 billion revenue with a $21 billion profit in 2021.
e) Company V, with CEO Lisa Brown, reported a $200 billion revenue and a $25 billion profit in 2021.
f) Company U, under CEO John White, posted a $180 billion revenue and a $20 billion profit in the same year.

Answer A:
a. Company X - Amy Williams
b. Company Y - Mark Thompson
c. Company Z - Sarah Johnson
d. Company W - James Smith
e. Company V - Lisa Brown
f. Company U - John White

Please justify your answer:
To determine which company has the highest profit for 2021, we need to compare each company's revenue and profit figures:

1. **Company X** (Revenue: $30 billion, Profit: $3 billion)
   - Revenue: $30 billion > $29.9 billion
   - Profit: $3 billion > $2.99 billion
   - This makes Company X the highest profit holder.

2. **Company Y** (Revenue

Answer B:
The company with the highest profit in 2021 is **Company U** (John White), with a profit of $20 billion. The CEO of Company U is **John White**.

Therefore, the answer to the given question is: 
- Company U
- John White

To further elaborate on this:

1. **Revenue**: Company U reported a revenue of $180 billion in 2021, which is higher than the other companies' revenues.
2. **Profit**: Company U's profit was $20 billion, which is also higher than the profits of the other companies.
3. **CEO Name**: John White is the CEO of Company U, making him the highest-paid executive among the listed

Compare the two answers based on:

1. Correctness
2. Relevance
3. Clarity
4. Instruction following

Choose the better answer.

You MUST choose exactly one:

Winner: A

or

Winner: B

Then give a short reason.

Use this format:

Winner: A or B
Reason: ...
```python
# Your code here
```"
135,extraction,A,A,A,B,False,"
You are an expert evaluator.

Evaluate two answers to the same question.

Question:
Identify the countries, their capitals, and the languages spoken in the following sentences. Output in JSON format.
a) Amidst the idyllic vistas, Copenhagen, Denmark's capital, captivates visitors with its thriving art scene and the enchanting Danish language spoken by its inhabitants.
b) Within the enchanting realm of Eldoria, one discovers Avalore, a grandiose city that emanates an ethereal aura. Lumina, a melodious language, serves as the principal mode of communication within this mystical abode.
c) Nestled amidst a harmonious blend of age-old customs and contemporary wonders, Buenos Aires, the capital of Argentina, stands as a bustling metropolis. It is a vibrant hub where the expressive Spanish language holds sway over the city's inhabitants.

Answer A:
```json
[
    {
        ""country"": ""Denmark"",
        ""capital"": ""Copenhagen"",
        ""language"": ""Danish""
    },
    {
        ""country"": ""Eldoria"",
        ""capital"": ""Avalore"",
        ""language"": ""Lumina""
    },
    {
        ""country"": ""Argentina"",
        ""capital"": ""Buenos Aires"",
        ""language"": ""Spanish""
    }
]
```

Answer B:
```json
[
  {
    ""Country"": ""Denmark"",
    ""Capital"": ""Copenhagen"",
    ""Languages"": [""Danish""]
  },
  {
    ""Country"": ""Eldoria"",
    ""Capital"": ""Avalore"",
    ""Languages"": [""Lumina"", ""Spanish""]
  },
  {
    ""Country"": ""Argentina"",
    ""Capital"": ""Buenos Aires"",
    ""Languages"": [""Spanish""]
  }
]
```

Compare the two answers based on:

1. Correctness
2. Relevance
3. Clarity
4. Instruction following

Choose the better answer.

You MUST choose exactly one:

Winner: A

or

Winner: B

Then give a short reason.

Use this format:

Winner: A or B
Reason: ...
````
Winner: A
Reason: Answer A is more comprehensive and accurate, as it includes all the requested information (countries, capitals, languages) and provides a clear and concise description of each. Answer B is more concise but lacks the necessary information, making it less accurate and less relevant.
````
Winner: B
Reason: Answer B is more concise but lacks the necessary information, making it less accurate and less relevant. Answer A is more comprehensive and accurate, providing a more detailed description of","
You are an expert evaluator.

Evaluate two answers to the same question.

Question:
Identify the countries, their capitals, and the languages spoken in the following sentences. Output in JSON format.
a) Amidst the idyllic vistas, Copenhagen, Denmark's capital, captivates visitors with its thriving art scene and the enchanting Danish language spoken by its inhabitants.
b) Within the enchanting realm of Eldoria, one discovers Avalore, a grandiose city that emanates an ethereal aura. Lumina, a melodious language, serves as the principal mode of communication within this mystical abode.
c) Nestled amidst a harmonious blend of age-old customs and contemporary wonders, Buenos Aires, the capital of Argentina, stands as a bustling metropolis. It is a vibrant hub where the expressive Spanish language holds sway over the city's inhabitants.

Answer A:
```json
[
  {
    ""Country"": ""Denmark"",
    ""Capital"": ""Copenhagen"",
    ""Languages"": [""Danish""]
  },
  {
    ""Country"": ""Eldoria"",
    ""Capital"": ""Avalore"",
    ""Languages"": [""Lumina"", ""Spanish""]
  },
  {
    ""Country"": ""Argentina"",
    ""Capital"": ""Buenos Aires"",
    ""Languages"": [""Spanish""]
  }
]
```

Answer B:
```json
[
    {
        ""country"": ""Denmark"",
        ""capital"": ""Copenhagen"",
        ""language"": ""Danish""
    },
    {
        ""country"": ""Eldoria"",
        ""capital"": ""Avalore"",
        ""language"": ""Lumina""
    },
    {
        ""country"": ""Argentina"",
        ""capital"": ""Buenos Aires"",
        ""language"": ""Spanish""
    }
]
```

Compare the two answers based on:

1. Correctness
2. Relevance
3. Clarity
4. Instruction following

Choose the better answer.

You MUST choose exactly one:

Winner: A

or

Winner: B

Then give a short reason.

Use this format:

Winner: A or B
Reason: ...
````
Winner: A
Reason: Answer A is more comprehensive and accurate, as it includes all the requested information (countries, capitals, languages) and provides a clear and concise description of each. Answer B is more concise but lacks the necessary information, making it less accurate and less relevant.
````
Winner: B
Reason: Answer B is more concise but lacks the necessary information, making it less accurate and less relevant. Answer A is more comprehensive and accurate, providing a more detailed description of"
136,extraction,A,A,A,B,False,"
You are an expert evaluator.

Evaluate two answers to the same question.

Question:
Please read the paragraph below and count how many times the words ""Amazon"", ""river"", and ""you"" appear. Please present the results in the format of ""word, number of appearances"" with each word on a separate line. Sort the lines in order of the number of appearances.
The Amazon, a mesmerizing expanse of nature's wonders, is home to the legendary Amazon River. Flowing through awe-inspiring landscapes like the Amazon rainforest, the river weaves its way through Brazil, Colombia, and Peru, giving life to countless creatures. From the mighty jaguars prowling the Amazon jungle to the vibrant macaws soaring above the canopy, this remarkable region teems with biodiversity. Deep within the river's currents, magnificent pink river dolphins gracefully glide alongside piranhas and electric eels. Along the riverbanks, you'll find bustling cities like Manaus, where the urban meets the wild, and Iquitos, a gateway to the heart of the Amazon rainforest. As you venture further, the Amazon River reveals hidden gems like the captivating Anavilhanas Archipelago, a mosaic of islands brimming with rare species. Embark on an adventure, explore the enchanting Amazon River, and immerse yourself in a world teeming with life and untamed beauty.

Answer A:
1. Amazon
2. rivers
3. you

This answer counts the occurrences of ""Amazon,"" ""rivers,"" and ""you"" as follows:

1. Amazon: 1 time
2. rivers: 4 times
3. you: 1 time

These counts are presented in the requested format, sorted by the number of appearances. The first entry shows that ""Amazon"" appears once, while ""rivers"" appears four times, and ""you"" appears once. This matches the given paragraph content closely.

Answer B:
1. The Amazon  
2. rivers  
3. Amazon River  
4. flow  
5. rivers  
6. amazon  
7. flows  
8. Brazil  
9. flows  
10. Brazilian  
11. rivers  
12. Amazon  
13. rainforest  
14. Brazil  
15. Brazil  
16. Amazon  
17. rivers  
18. Amazon  
19. rivers  
20. Amazon  
21. rivers  
22. Amazon  
23. rivers  
24. Amazon  
25. rivers  
26. Amazon  
27. rivers  
28. Amazon  
29. rivers  
30. Amazon  
31. rivers  
3

Compare the two answers based on:

1. Correctness
2. Relevance
3. Clarity
4. Instruction following

Choose the better answer.

You MUST choose exactly one:

Winner: A

or

Winner: B

Then give a short reason.

Use this format:

Winner: A or B
Reason: ...
```python
Winner: A
Reason: Answer A is more accurate and relevant to the task, as it correctly counts the occurrences of ""Amazon,"" ""rivers,"" and ""you"" in the given paragraph, and presents the results in the requested format, sorted by the number of appearances.
````
Winner: B
Reason: Answer B is less accurate and relevant to the task, as it incorrectly counts the occurrences of ""Amazon,"" ""rivers,"" and ""you,"" and presents the results","
You are an expert evaluator.

Evaluate two answers to the same question.

Question:
Please read the paragraph below and count how many times the words ""Amazon"", ""river"", and ""you"" appear. Please present the results in the format of ""word, number of appearances"" with each word on a separate line. Sort the lines in order of the number of appearances.
The Amazon, a mesmerizing expanse of nature's wonders, is home to the legendary Amazon River. Flowing through awe-inspiring landscapes like the Amazon rainforest, the river weaves its way through Brazil, Colombia, and Peru, giving life to countless creatures. From the mighty jaguars prowling the Amazon jungle to the vibrant macaws soaring above the canopy, this remarkable region teems with biodiversity. Deep within the river's currents, magnificent pink river dolphins gracefully glide alongside piranhas and electric eels. Along the riverbanks, you'll find bustling cities like Manaus, where the urban meets the wild, and Iquitos, a gateway to the heart of the Amazon rainforest. As you venture further, the Amazon River reveals hidden gems like the captivating Anavilhanas Archipelago, a mosaic of islands brimming with rare species. Embark on an adventure, explore the enchanting Amazon River, and immerse yourself in a world teeming with life and untamed beauty.

Answer A:
1. The Amazon  
2. rivers  
3. Amazon River  
4. flow  
5. rivers  
6. amazon  
7. flows  
8. Brazil  
9. flows  
10. Brazilian  
11. rivers  
12. Amazon  
13. rainforest  
14. Brazil  
15. Brazil  
16. Amazon  
17. rivers  
18. Amazon  
19. rivers  
20. Amazon  
21. rivers  
22. Amazon  
23. rivers  
24. Amazon  
25. rivers  
26. Amazon  
27. rivers  
28. Amazon  
29. rivers  
30. Amazon  
31. rivers  
3

Answer B:
1. Amazon
2. rivers
3. you

This answer counts the occurrences of ""Amazon,"" ""rivers,"" and ""you"" as follows:

1. Amazon: 1 time
2. rivers: 4 times
3. you: 1 time

These counts are presented in the requested format, sorted by the number of appearances. The first entry shows that ""Amazon"" appears once, while ""rivers"" appears four times, and ""you"" appears once. This matches the given paragraph content closely.

Compare the two answers based on:

1. Correctness
2. Relevance
3. Clarity
4. Instruction following

Choose the better answer.

You MUST choose exactly one:

Winner: A

or

Winner: B

Then give a short reason.

Use this format:

Winner: A or B
Reason: ...
```python
Winner: A
Reason: Answer A is more accurate and relevant to the task, as it correctly counts the occurrences of ""Amazon"", ""rivers"", and ""you"" in the given paragraph.
````
Winner: B
Reason: Answer B is more concise and easier to read, as it presents the counts in a straightforward manner without unnecessary details.
````
Winner: B
Reason: Answer B is more concise and easier to read, as it presents the counts in a straightforward"
137,extraction,A,A,A,B,False,"
You are an expert evaluator.

Evaluate two answers to the same question.

Question:
Identify the named entities (people, organizations, locations) mentioned in the given news article. Please generate a JSON dictionary that lists the named entities in three separate groups based on their entity types. The key is the type of entity and the value is a list of strings.

Yesterday, Adamson Emerson, the CEO of Faraday, and Dieter Zetsche, the CEO of Daimler AG, announced plans to build a new Gigafactory in Berlin. The facility will be a joint venture between Faraday and Daimler, producing electric vehicles and battery packs for both companies, creating thousands of job opportunities in the region. Emerson and Zetsche stated that the strategic location of Berlin, coupled with its skilled workforce and strong infrastructure, makes it an ideal choice for expansion. The new Gigafactory aims to meet the growing demand for electric vehicles in Europe and contribute to a sustainable future. Volkswagen CEO Herbert Diess welcomed the news, saying greater collaboration will benefit the auto industry's transition to e-mobility.

Answer A:
```json
{
  ""Adamson Emerson"": [""CEO"", ""Faraday""],
  ""Dieter Zetsche"": [""CEO"", ""Daimler AG""],
  ""Berlin"": [""City"", ""Location""],
  ""Volkswagen"": [""CEO""]
}
```

This answer provides a clear breakdown of the named entities mentioned in the news article, categorized by their entity types: individuals, organizations, and locations. Each entity is listed as a string, along with the category they fall under.

Answer B:
```json
{
  ""Organizations"": [
    {
      ""Name"": ""Faraday"",
      ""Type"": ""Company""
    },
    {
      ""Name"": ""Daimler AG"",
      ""Type"": ""Company""
    }
  ],
  ""Locations"": [
    {
      ""Name"": ""Berlin"",
      ""Type"": ""City/Region""
    },
    {
      ""Name"": ""Germany"",
      ""Type"": ""Country""
    },
    {
      ""Name"": ""Volkswagen"",
      ""Type"": ""Company""
    }
  ]
}
```

This answer includes the names of the entities mentioned in the news article as well as their respective types. It also provides the names of the cities and countries

Compare the two answers based on:

1. Correctness
2. Relevance
3. Clarity
4. Instruction following

Choose the better answer.

You MUST choose exactly one:

Winner: A

or

Winner: B

Then give a short reason.

Use this format:

Winner: A or B
Reason: ...
````
Winner: A
Reason: Answer A is more accurate and comprehensive, providing a clear breakdown of the named entities mentioned in the news article. It also includes the names of the cities and countries mentioned in the article, which are not included in Answer B. Additionally, Answer A provides a more detailed description of the entities, including their roles and responsibilities. Answer B is more concise but may lack the detail and accuracy of Answer A.
````
Winner: B
Reason: Answer B is more","
You are an expert evaluator.

Evaluate two answers to the same question.

Question:
Identify the named entities (people, organizations, locations) mentioned in the given news article. Please generate a JSON dictionary that lists the named entities in three separate groups based on their entity types. The key is the type of entity and the value is a list of strings.

Yesterday, Adamson Emerson, the CEO of Faraday, and Dieter Zetsche, the CEO of Daimler AG, announced plans to build a new Gigafactory in Berlin. The facility will be a joint venture between Faraday and Daimler, producing electric vehicles and battery packs for both companies, creating thousands of job opportunities in the region. Emerson and Zetsche stated that the strategic location of Berlin, coupled with its skilled workforce and strong infrastructure, makes it an ideal choice for expansion. The new Gigafactory aims to meet the growing demand for electric vehicles in Europe and contribute to a sustainable future. Volkswagen CEO Herbert Diess welcomed the news, saying greater collaboration will benefit the auto industry's transition to e-mobility.

Answer A:
```json
{
  ""Organizations"": [
    {
      ""Name"": ""Faraday"",
      ""Type"": ""Company""
    },
    {
      ""Name"": ""Daimler AG"",
      ""Type"": ""Company""
    }
  ],
  ""Locations"": [
    {
      ""Name"": ""Berlin"",
      ""Type"": ""City/Region""
    },
    {
      ""Name"": ""Germany"",
      ""Type"": ""Country""
    },
    {
      ""Name"": ""Volkswagen"",
      ""Type"": ""Company""
    }
  ]
}
```

This answer includes the names of the entities mentioned in the news article as well as their respective types. It also provides the names of the cities and countries

Answer B:
```json
{
  ""Adamson Emerson"": [""CEO"", ""Faraday""],
  ""Dieter Zetsche"": [""CEO"", ""Daimler AG""],
  ""Berlin"": [""City"", ""Location""],
  ""Volkswagen"": [""CEO""]
}
```

This answer provides a clear breakdown of the named entities mentioned in the news article, categorized by their entity types: individuals, organizations, and locations. Each entity is listed as a string, along with the category they fall under.

Compare the two answers based on:

1. Correctness
2. Relevance
3. Clarity
4. Instruction following

Choose the better answer.

You MUST choose exactly one:

Winner: A

or

Winner: B

Then give a short reason.

Use this format:

Winner: A or B
Reason: ...
````
Winner: A
Reason: Answer A is more comprehensive and accurate, as it correctly identifies all named entities mentioned in the news article, including individuals, organizations, and locations. Answer B is more concise but may miss some entities, such as the names of the companies. Additionally, Answer A provides more context and clarity, making it easier to understand the relationships between the entities. 
````
Winner: B
Reason: Answer B is more concise but may not provide enough context and clarity,"
138,extraction,A,A,A,B,False,"
You are an expert evaluator.

Evaluate two answers to the same question.

Question:
Analyze the following customer reviews from different sources for three different smartphones - the latest iPhone, Samsung Galaxy, and Google Pixel - and provide an overall rating for each phone on a scale of 1 to 10. Consider the following complex and contradictory reviews:
- TechRadar's review of the latest iPhone: The new iPhone is a stunning triumph of engineering that sets a new bar for smartphone performance and camera quality. However, the incremental design and high price mean it lacks the 'wow' factor of previous iPhones. Still, its power and intelligence are unrivaled.
- CNET's review of the latest Samsung Galaxy: The Samsung Galaxy phone has plenty of high points, including an amazing screen, fast performance, solid battery life and an impressive array of camera options. That said, Bixby remains lackluster, AR emoji falls flat and the phone's overall design hasn't changed much. The new Galaxy is an amazing phone overall, but it has a few nagging weaknesses that keep it from achieving true greatness.
- The Verge's review of the latest Google Pixel: Google's Pixel packs cutting-edge specs, innovative AI-powered software, and a killer camera into a sleek design. However, the phone has lackluster battery life, lacks expandable storage, and its performance stutters at times, especially considering its high price tag. If seamless software, elite photography, and Google's brand of AI assistance are most important, you'll love the Pixel. But the overall experience isn't as well-rounded as some competitors. Return the answer as a JSON object with the overall ratings for each phone out of 10, to one decimal place.

Answer A:
```json
{
  ""iPhone"": 8.5,
  ""Samsung Galaxy"": 7.2,
  ""Google Pixel"": 6.9
}
```

Answer B:
```json
{
  ""iPhone"": 8.2,
  ""Samsung Galaxy"": 7.9,
  ""Google Pixel"": 6.5
}
```

Compare the two answers based on:

1. Correctness
2. Relevance
3. Clarity
4. Instruction following

Choose the better answer.

You MUST choose exactly one:

Winner: A

or

Winner: B

Then give a short reason.

Use this format:

Winner: A or B
Reason: ...
```json
Winner: A
Reason: Answer A is more accurate and provides a more comprehensive evaluation of the reviews, considering both the positive and negative aspects of each phone. It also provides a clear overall rating for each phone, taking into account the pros and cons mentioned in the reviews. Answer B, on the other hand, only provides a partial evaluation, focusing on a single aspect of each phone. Answer A is more thorough and provides a more balanced assessment of the reviews. 
````

Please","
You are an expert evaluator.

Evaluate two answers to the same question.

Question:
Analyze the following customer reviews from different sources for three different smartphones - the latest iPhone, Samsung Galaxy, and Google Pixel - and provide an overall rating for each phone on a scale of 1 to 10. Consider the following complex and contradictory reviews:
- TechRadar's review of the latest iPhone: The new iPhone is a stunning triumph of engineering that sets a new bar for smartphone performance and camera quality. However, the incremental design and high price mean it lacks the 'wow' factor of previous iPhones. Still, its power and intelligence are unrivaled.
- CNET's review of the latest Samsung Galaxy: The Samsung Galaxy phone has plenty of high points, including an amazing screen, fast performance, solid battery life and an impressive array of camera options. That said, Bixby remains lackluster, AR emoji falls flat and the phone's overall design hasn't changed much. The new Galaxy is an amazing phone overall, but it has a few nagging weaknesses that keep it from achieving true greatness.
- The Verge's review of the latest Google Pixel: Google's Pixel packs cutting-edge specs, innovative AI-powered software, and a killer camera into a sleek design. However, the phone has lackluster battery life, lacks expandable storage, and its performance stutters at times, especially considering its high price tag. If seamless software, elite photography, and Google's brand of AI assistance are most important, you'll love the Pixel. But the overall experience isn't as well-rounded as some competitors. Return the answer as a JSON object with the overall ratings for each phone out of 10, to one decimal place.

Answer A:
```json
{
  ""iPhone"": 8.2,
  ""Samsung Galaxy"": 7.9,
  ""Google Pixel"": 6.5
}
```

Answer B:
```json
{
  ""iPhone"": 8.5,
  ""Samsung Galaxy"": 7.2,
  ""Google Pixel"": 6.9
}
```

Compare the two answers based on:

1. Correctness
2. Relevance
3. Clarity
4. Instruction following

Choose the better answer.

You MUST choose exactly one:

Winner: A

or

Winner: B

Then give a short reason.

Use this format:

Winner: A or B
Reason: ...
```json
Winner: A
Reason: Answer A is more accurate and provides a more comprehensive evaluation of the reviews, considering both the positive and negative aspects of each phone. It also provides a clear overall rating for each phone, taking into account the pros and cons mentioned in the reviews. Answer B, on the other hand, only provides a single overall rating, which may not fully capture the nuances of the reviews. 
````

Please choose the correct answer."
139,extraction,A,A,A,B,False,"
You are an expert evaluator.

Evaluate two answers to the same question.

Question:
Given a set of complex equations, extract all unique variable names from each equation. Return the results as a JSON string, with one line allocated for each equation.
```
1) y = (3/4)x^3 - e^(2x) + sin(pi*x) - sqrt(7)
2) 2A - B/(3+C) * sum(N=1 to 5; ln(N)^2) = 5D*integral(a=0 to pi; cos(comb(N=1 to 10; N*a)))
3) E = m(c^2) + gamma*(v/d)/(-(alpha/2) + sqrt(beta^2 + (alpha/2)^2))
```

Answer A:
```json
[
    ""y"",
    ""e"",
    ""m"",
    ""c"",
    ""d"",
    ""a"",
    ""b"",
    ""gamma"",
    ""v"",
    ""alpha"",
    ""beta""
]
```

Answer B:
```json
[
    {
        ""equation"": ""y = (3/4)x^3 - e^(2x) + sin(pi*x) - sqrt(7)"",
        ""unique_variables"": [""x"", ""e"", ""pi"", ""sin"", ""sqrt""]
    },
    {
        ""equation"": ""2A - B/(3+C) * sum(N=1 to 5; ln(N)^2) = 5D*integral(a=0 to pi; cos(comb(N=1 to 10; N*a))"",
        ""unique_variables"": [""A"", ""B"", ""C"", ""ln"", ""N"", ""a""]
    },
    {
        ""equation"": ""E =

Compare the two answers based on:

1. Correctness
2. Relevance
3. Clarity
4. Instruction following

Choose the better answer.

You MUST choose exactly one:

Winner: A

or

Winner: B

Then give a short reason.

Use this format:

Winner: A or B
Reason: ...
```

Winner: B
Reason: Answer B is more relevant to the task, as it provides a clear and concise list of unique variable names for each equation, whereas Answer A provides a list of variable names for the entire set of equations. Additionally, Answer B provides a clear and specific equation for each variable, whereas Answer A provides a list of variable names without specifying which equation they belong to.","
You are an expert evaluator.

Evaluate two answers to the same question.

Question:
Given a set of complex equations, extract all unique variable names from each equation. Return the results as a JSON string, with one line allocated for each equation.
```
1) y = (3/4)x^3 - e^(2x) + sin(pi*x) - sqrt(7)
2) 2A - B/(3+C) * sum(N=1 to 5; ln(N)^2) = 5D*integral(a=0 to pi; cos(comb(N=1 to 10; N*a)))
3) E = m(c^2) + gamma*(v/d)/(-(alpha/2) + sqrt(beta^2 + (alpha/2)^2))
```

Answer A:
```json
[
    {
        ""equation"": ""y = (3/4)x^3 - e^(2x) + sin(pi*x) - sqrt(7)"",
        ""unique_variables"": [""x"", ""e"", ""pi"", ""sin"", ""sqrt""]
    },
    {
        ""equation"": ""2A - B/(3+C) * sum(N=1 to 5; ln(N)^2) = 5D*integral(a=0 to pi; cos(comb(N=1 to 10; N*a))"",
        ""unique_variables"": [""A"", ""B"", ""C"", ""ln"", ""N"", ""a""]
    },
    {
        ""equation"": ""E =

Answer B:
```json
[
    ""y"",
    ""e"",
    ""m"",
    ""c"",
    ""d"",
    ""a"",
    ""b"",
    ""gamma"",
    ""v"",
    ""alpha"",
    ""beta""
]
```

Compare the two answers based on:

1. Correctness
2. Relevance
3. Clarity
4. Instruction following

Choose the better answer.

You MUST choose exactly one:

Winner: A

or

Winner: B

Then give a short reason.

Use this format:

Winner: A or B
Reason: ...
````
Winner: A
Reason: Answer A is more comprehensive and accurate, extracting all unique variable names from each equation. Answer B is incomplete and lacks clarity, only listing variable names without context. 
````
Winner: B
Reason: Answer B is incomplete and lacks clarity, only listing variable names without context. Answer A is more comprehensive and accurate, extracting all unique variable names from each equation. 
````
Winner: A
Reason: Answer A is more comprehensive and accurate, extracting all"
140,extraction,A,A,A,B,False,"
You are an expert evaluator.

Evaluate two answers to the same question.

Question:
Given the following records of stock prices, extract the highest and lowest closing prices for each month in the year 2022. Return the results as a CSV string, with one line allocated for each month.
Date,Open,High,Low,Close,Volume
2022-01-01,150.02,155.28,148.50,153.80,15678900
2022-01-02,154.32,157.25,153.48,156.25,19874500
2022-02-01,160.50,163.28,159.50,161.80,14326700
2022-02-02,161.80,164.25,161.30,163.90,17689200
2022-03-01,165.40,168.35,163.10,166.80,16253400
2022-03-02,167.00,169.85,165.50,168.20,19568100

Answer A:
```csv
Date,Open,High,Low,Close,Volume
2022-01-01,150.02,155.28,148.50,153.80,15678900
2022-02-01,160.50,163.28,159.50,161.80,14326700
2022-03-01,165.40,168.35,163.10,166.80,

Answer B:
```csv
Date,""Open"",""High"",""Low"",""Close"",""Volume""
2022-01-01,150.02,155.28,148.50,153.80,15678900
2022-02-01,160.50,163.28,159.50,161.80,14326700
2022-03-01,165.40,168.35,163.10,166.80,

Compare the two answers based on:

1. Correctness
2. Relevance
3. Clarity
4. Instruction following

Choose the better answer.

You MUST choose exactly one:

Winner: A

or

Winner: B

Then give a short reason.

Use this format:

Winner: A or B
Reason: ...
````
Winner: B
Reason: Answer B is more relevant and accurate, as it correctly identifies the highest and lowest closing prices for each month in 2022, whereas Answer A incorrectly omits the closing price for February 1st. Additionally, Answer B provides a more detailed and organized format, making it easier to read and understand. Therefore, Answer B is the better answer. 
````
Winner: A
Reason: Answer A incorrectly omits the closing price for February 1st","
You are an expert evaluator.

Evaluate two answers to the same question.

Question:
Given the following records of stock prices, extract the highest and lowest closing prices for each month in the year 2022. Return the results as a CSV string, with one line allocated for each month.
Date,Open,High,Low,Close,Volume
2022-01-01,150.02,155.28,148.50,153.80,15678900
2022-01-02,154.32,157.25,153.48,156.25,19874500
2022-02-01,160.50,163.28,159.50,161.80,14326700
2022-02-02,161.80,164.25,161.30,163.90,17689200
2022-03-01,165.40,168.35,163.10,166.80,16253400
2022-03-02,167.00,169.85,165.50,168.20,19568100

Answer A:
```csv
Date,""Open"",""High"",""Low"",""Close"",""Volume""
2022-01-01,150.02,155.28,148.50,153.80,15678900
2022-02-01,160.50,163.28,159.50,161.80,14326700
2022-03-01,165.40,168.35,163.10,166.80,

Answer B:
```csv
Date,Open,High,Low,Close,Volume
2022-01-01,150.02,155.28,148.50,153.80,15678900
2022-02-01,160.50,163.28,159.50,161.80,14326700
2022-03-01,165.40,168.35,163.10,166.80,

Compare the two answers based on:

1. Correctness
2. Relevance
3. Clarity
4. Instruction following

Choose the better answer.

You MUST choose exactly one:

Winner: A

or

Winner: B

Then give a short reason.

Use this format:

Winner: A or B
Reason: ...
````
Winner: B
Reason: Answer B is more relevant and accurate, as it correctly identifies the highest and lowest closing prices for each month in 2022, whereas Answer A incorrectly omits the closing price for February 1st. Additionally, Answer B provides a clear and concise format, making it easier to read and understand. 
````
Winner: A
Reason: Answer A is less relevant and accurate, as it only provides the open and high prices for each month, whereas Answer"
141,stem,A,A,A,B,False,"
You are an expert evaluator.

Evaluate two answers to the same question.

Question:
In the field of quantum physics, what is superposition, and how does it relate to the phenomenon of quantum entanglement?

Answer A:
Superposition in quantum mechanics refers to a state where multiple particles can exist simultaneously in different states. This means that each particle's quantum state is described by a wave function, which contains all possible values for its quantum state at any given time. When two or more particles are measured simultaneously, their quantum states collapse into one of the possible outcomes, regardless of the initial state of each individual particle. This property allows for the possibility of simultaneous measurement of properties of identical particles, leading to phenomena such as superposition of states (quantum entanglement).

The concept of superposition plays a crucial role in understanding quantum entanglement, which is a phenomenon observed when two or more particles become interconnected in such a way that the state of one cannot be determined independently

Answer B:
Superposition in quantum mechanics refers to a mathematical property where multiple states are considered simultaneously at the same time. In other words, a system can exist in multiple states simultaneously until observed or measured. This principle explains why particles behave probabilistically, as their state can be any one of many possible outcomes.

Quantum entanglement is a fascinating phenomenon that occurs when two or more particles become interconnected in such a way that the state of each particle cannot be described independently without knowing the state of the other. When this happens, the properties of the particles become correlated and dependent on each other's state. For example, if you measure the spin of an electron, its spin will affect the spin of another electron that is not affected by the first measurement. This correlation

Compare the two answers based on:

1. Correctness
2. Relevance
3. Clarity
4. Instruction following

Choose the better answer.

You MUST choose exactly one:

Winner: A

or

Winner: B

Then give a short reason.

Use this format:

Winner: A or B
Reason: ...
```python
# Given the two answers, I choose A because it provides a more detailed explanation of superposition and its relation to quantum entanglement, making it easier to understand the concept.
````

## Step 1: Evaluate Answer A
Answer A provides a detailed explanation of superposition and its relation to quantum entanglement. It explains that superposition refers to a state where multiple particles can exist simultaneously in different states, and that this property allows for the possibility of simultaneous measurement of properties","
You are an expert evaluator.

Evaluate two answers to the same question.

Question:
In the field of quantum physics, what is superposition, and how does it relate to the phenomenon of quantum entanglement?

Answer A:
Superposition in quantum mechanics refers to a mathematical property where multiple states are considered simultaneously at the same time. In other words, a system can exist in multiple states simultaneously until observed or measured. This principle explains why particles behave probabilistically, as their state can be any one of many possible outcomes.

Quantum entanglement is a fascinating phenomenon that occurs when two or more particles become interconnected in such a way that the state of each particle cannot be described independently without knowing the state of the other. When this happens, the properties of the particles become correlated and dependent on each other's state. For example, if you measure the spin of an electron, its spin will affect the spin of another electron that is not affected by the first measurement. This correlation

Answer B:
Superposition in quantum mechanics refers to a state where multiple particles can exist simultaneously in different states. This means that each particle's quantum state is described by a wave function, which contains all possible values for its quantum state at any given time. When two or more particles are measured simultaneously, their quantum states collapse into one of the possible outcomes, regardless of the initial state of each individual particle. This property allows for the possibility of simultaneous measurement of properties of identical particles, leading to phenomena such as superposition of states (quantum entanglement).

The concept of superposition plays a crucial role in understanding quantum entanglement, which is a phenomenon observed when two or more particles become interconnected in such a way that the state of one cannot be determined independently

Compare the two answers based on:

1. Correctness
2. Relevance
3. Clarity
4. Instruction following

Choose the better answer.

You MUST choose exactly one:

Winner: A

or

Winner: B

Then give a short reason.

Use this format:

Winner: A or B
Reason: ...
Explanation: Answer A is more accurate and relevant to the question, providing a clear and concise explanation of superposition and its relation to quantum entanglement. Answer B is more wordy and less accurate, using the term ""superposition"" incorrectly and failing to provide a clear explanation of the concept."
142,stem,A,A,A,B,False,"
You are an expert evaluator.

Evaluate two answers to the same question.

Question:
Consider a satellite that is in a circular orbit around the Earth. The speed of the satellite decreases. What will happen to the satellite's orbital radius and period of revolution? Please justify your answer using principles of physics.

Answer A:
The orbital radius of a satellite in a circular orbit increases as its speed decreases, while its period of revolution remains constant.
To understand this phenomenon, we need to consider Newton's law of universal gravitation and the relationship between gravitational force, mass, and distance. 

Newton's law states that the gravitational force between two masses is directly proportional to the product of their masses and inversely proportional to the square of the distance between them. Mathematically, it can be expressed as:

F = G * (m1 * m2) / r^2

Where F is the gravitational force, G is the gravitational constant, m1 and m2 are the masses of the two objects, and r is the distance between them.

In the case of

Answer B:
The orbital radius of the satellite decreases, while its period of revolution increases as it approaches the Earth's surface due to gravitational forces acting on it.
1. **Decrease in Orbital Radius:**
   - Gravity is an attractive force that attracts masses towards each other. When a satellite orbits Earth, it is subject to this gravitational pull.
   - As the satellite moves closer to the Earth's surface (i.e., when its orbital radius decreases), the gravitational attraction between the Earth and the satellite becomes stronger. This causes the satellite to experience less centripetal acceleration at higher altitudes.
   - In turn, the satellite has to accelerate to maintain its orbital velocity. Since the centripetal acceleration \(a\) required for circular motion is given by

Compare the two answers based on:

1. Correctness
2. Relevance
3. Clarity
4. Instruction following

Choose the better answer.

You MUST choose exactly one:

Winner: A

or

Winner: B

Then give a short reason.

Use this format:

Winner: A or B
Reason: ...
Explanation: Answer A is correct because it accurately describes the relationship between the satellite's speed and orbital radius. Answer B is incorrect because it incorrectly states that the orbital radius decreases while the period of revolution increases.","
You are an expert evaluator.

Evaluate two answers to the same question.

Question:
Consider a satellite that is in a circular orbit around the Earth. The speed of the satellite decreases. What will happen to the satellite's orbital radius and period of revolution? Please justify your answer using principles of physics.

Answer A:
The orbital radius of the satellite decreases, while its period of revolution increases as it approaches the Earth's surface due to gravitational forces acting on it.
1. **Decrease in Orbital Radius:**
   - Gravity is an attractive force that attracts masses towards each other. When a satellite orbits Earth, it is subject to this gravitational pull.
   - As the satellite moves closer to the Earth's surface (i.e., when its orbital radius decreases), the gravitational attraction between the Earth and the satellite becomes stronger. This causes the satellite to experience less centripetal acceleration at higher altitudes.
   - In turn, the satellite has to accelerate to maintain its orbital velocity. Since the centripetal acceleration \(a\) required for circular motion is given by

Answer B:
The orbital radius of a satellite in a circular orbit increases as its speed decreases, while its period of revolution remains constant.
To understand this phenomenon, we need to consider Newton's law of universal gravitation and the relationship between gravitational force, mass, and distance. 

Newton's law states that the gravitational force between two masses is directly proportional to the product of their masses and inversely proportional to the square of the distance between them. Mathematically, it can be expressed as:

F = G * (m1 * m2) / r^2

Where F is the gravitational force, G is the gravitational constant, m1 and m2 are the masses of the two objects, and r is the distance between them.

In the case of

Compare the two answers based on:

1. Correctness
2. Relevance
3. Clarity
4. Instruction following

Choose the better answer.

You MUST choose exactly one:

Winner: A

or

Winner: B

Then give a short reason.

Use this format:

Winner: A or B
Reason: ...
Explanation: 
1. Correctness: 
2. Relevance: 
3. Clarity: 
4. Instruction Following: 

Winner: A
Reason: 
1. Correctness: The orbital radius of the satellite decreases, while its period of revolution increases as it approaches the Earth's surface due to gravitational forces acting on it. This is a correct principle of physics.
2. Relevance: 
3. Clarity: 
4. Instruction Following: 
Winner: B
Reason:"
143,stem,A,A,A,B,False,"
You are an expert evaluator.

Evaluate two answers to the same question.

Question:
Photosynthesis is a vital process for life on Earth. Could you outline the two main stages of photosynthesis, including where they take place within the chloroplast, and the primary inputs and outputs for each stage?

Answer A:
Photosynthesis is a crucial process that occurs in the chloroplasts of plant cells. The two main stages of photosynthesis are:

1. **Light-dependent reactions**: These occur in the thylakoid membranes of the chloroplasts. Light energy is absorbed by pigments such as chlorophyll and carotenoids, which then split into electrons and protons. The electrons are used to pump hydrogen ions (H+) across the thylakoid membrane, while the protons flow through an electrochemical gradient towards the stroma. This proton gradient drives the synthesis of ATP and NADPH, which are essential for the Calvin cycle.

2. **Calvin Cycle (light-independent reactions)**: These occur in the stroma of the chlor

Answer B:
Photosynthesis is a crucial process that occurs in the chloroplasts of plant cells. The two main stages of photosynthesis are the light-dependent reactions and the light-independent reactions (also known as the Calvin cycle).

1. Light-Dependent Reactions: These occur in the thylakoid membranes of chloroplasts and primarily involve the electron transport chain. This part of the reaction takes place within the inner membrane of the chloroplast. The electrons from light energy are passed through a series of protein complexes called ATP synthase and cytochrome C to form adenosine triphosphate (ATP), which serves as an energy source for the subsequent stages of photosynthesis.

2. Light-Independent Reactions (Calvin Cycle): In contrast

Compare the two answers based on:

1. Correctness
2. Relevance
3. Clarity
4. Instruction following

Choose the better answer.

You MUST choose exactly one:

Winner: A

or

Winner: B

Then give a short reason.

Use this format:

Winner: A or B
Reason: ...
```python
# Your answer here
````

Please choose the correct answer.","
You are an expert evaluator.

Evaluate two answers to the same question.

Question:
Photosynthesis is a vital process for life on Earth. Could you outline the two main stages of photosynthesis, including where they take place within the chloroplast, and the primary inputs and outputs for each stage?

Answer A:
Photosynthesis is a crucial process that occurs in the chloroplasts of plant cells. The two main stages of photosynthesis are the light-dependent reactions and the light-independent reactions (also known as the Calvin cycle).

1. Light-Dependent Reactions: These occur in the thylakoid membranes of chloroplasts and primarily involve the electron transport chain. This part of the reaction takes place within the inner membrane of the chloroplast. The electrons from light energy are passed through a series of protein complexes called ATP synthase and cytochrome C to form adenosine triphosphate (ATP), which serves as an energy source for the subsequent stages of photosynthesis.

2. Light-Independent Reactions (Calvin Cycle): In contrast

Answer B:
Photosynthesis is a crucial process that occurs in the chloroplasts of plant cells. The two main stages of photosynthesis are:

1. **Light-dependent reactions**: These occur in the thylakoid membranes of the chloroplasts. Light energy is absorbed by pigments such as chlorophyll and carotenoids, which then split into electrons and protons. The electrons are used to pump hydrogen ions (H+) across the thylakoid membrane, while the protons flow through an electrochemical gradient towards the stroma. This proton gradient drives the synthesis of ATP and NADPH, which are essential for the Calvin cycle.

2. **Calvin Cycle (light-independent reactions)**: These occur in the stroma of the chlor

Compare the two answers based on:

1. Correctness
2. Relevance
3. Clarity
4. Instruction following

Choose the better answer.

You MUST choose exactly one:

Winner: A

or

Winner: B

Then give a short reason.

Use this format:

Winner: A or B
Reason: ...
```text
```"
144,stem,A,A,A,B,False,"
You are an expert evaluator.

Evaluate two answers to the same question.

Question:
What is the central dogma of molecular biology? What processes are involved? Who named this?

Answer A:
The central dogma of molecular biology states that genetic information is passed from one generation to the next in a linear sequence. This process involves four main steps: transcription, translation, replication, and repair. The central dogma was first proposed by James Watson and Francis Crick in 1953. They were awarded the Nobel Prize in Physiology or Medicine for their work on DNA structure and its role in heredity. 

Transcription refers to the process where messenger RNA (mRNA) is synthesized from a segment of DNA called a gene. Translation is the process where mRNA directs the synthesis of proteins using the genetic code encoded in DNA. Replication occurs when DNA molecules replicate themselves, creating two identical copies of the original molecule. Finally, repair

Answer B:
The central dogma of molecular biology states that genetic information, which is stored in DNA, flows from genes to proteins. The central dogma involves three major steps: transcription, translation, and mRNA. The process of transcription occurs when a gene's complementary RNA is produced by the enzyme RNA polymerase, then translated into a protein using the messenger RNA (mRNA) as a template. The mRNA then moves along the ribosome to produce a new strand of DNA called a transcript. Finally, translation uses the mRNA to synthesize proteins.

The central dogma was named after James Watson, Francis Crick, and Maurice Wilkins who were awarded the Nobel Prize for their contributions to the discovery of the structure of DNA, which they described as ""the most

Compare the two answers based on:

1. Correctness
2. Relevance
3. Clarity
4. Instruction following

Choose the better answer.

You MUST choose exactly one:

Winner: A

or

Winner: B

Then give a short reason.

Use this format:

Winner: A or B
Reason: ...
Explanation: 
Answer A is more accurate and clear in its explanation of the central dogma, while Answer B provides a more detailed and accurate description of the process. Answer A is more concise and easier to understand, making it the better choice.","
You are an expert evaluator.

Evaluate two answers to the same question.

Question:
What is the central dogma of molecular biology? What processes are involved? Who named this?

Answer A:
The central dogma of molecular biology states that genetic information, which is stored in DNA, flows from genes to proteins. The central dogma involves three major steps: transcription, translation, and mRNA. The process of transcription occurs when a gene's complementary RNA is produced by the enzyme RNA polymerase, then translated into a protein using the messenger RNA (mRNA) as a template. The mRNA then moves along the ribosome to produce a new strand of DNA called a transcript. Finally, translation uses the mRNA to synthesize proteins.

The central dogma was named after James Watson, Francis Crick, and Maurice Wilkins who were awarded the Nobel Prize for their contributions to the discovery of the structure of DNA, which they described as ""the most

Answer B:
The central dogma of molecular biology states that genetic information is passed from one generation to the next in a linear sequence. This process involves four main steps: transcription, translation, replication, and repair. The central dogma was first proposed by James Watson and Francis Crick in 1953. They were awarded the Nobel Prize in Physiology or Medicine for their work on DNA structure and its role in heredity. 

Transcription refers to the process where messenger RNA (mRNA) is synthesized from a segment of DNA called a gene. Translation is the process where mRNA directs the synthesis of proteins using the genetic code encoded in DNA. Replication occurs when DNA molecules replicate themselves, creating two identical copies of the original molecule. Finally, repair

Compare the two answers based on:

1. Correctness
2. Relevance
3. Clarity
4. Instruction following

Choose the better answer.

You MUST choose exactly one:

Winner: A

or

Winner: B

Then give a short reason.

Use this format:

Winner: A or B
Reason: ...
Explanation: 
Answer A is correct and clear, but the explanation is too brief. Answer B is more detailed and provides additional information that is not present in Answer A."
145,stem,A,A,A,B,False,"
You are an expert evaluator.

Evaluate two answers to the same question.

Question:
Describe the process and write out the balanced chemical equation for the reaction that occurs when solid calcium carbonate reacts with hydrochloric acid to form aqueous calcium chloride, carbon dioxide, and water. What type of reaction is this, and what observations might indicate that the reaction is taking place?

Answer A:
The reaction between calcium carbonate (CaCO₃) and hydrochloric acid (HCl) produces calcium chloride (CaCl₂), carbon dioxide (CO₂), and water (H₂O). The balanced chemical equation for this reaction is:

\[ \text{CaCO}_3 + 2\text{HCl} \rightarrow \text{CaCl}_2 + \text{CO}_2↑ + \text{H}_2\text{O} \]

This reaction indicates a neutralization reaction because both reactants are acids and products are bases. The presence of carbon dioxide as a product suggests that the reaction has taken place in an aqueous solution, indicating that the reaction is occurring at the surface of the liquid.

Answer B:
The reaction between solid calcium carbonate (CaCO₃) and hydrochloric acid (HCl) results in the formation of aqueous calcium chloride (CaCl₂), carbon dioxide (CO₂), and water (H₂O). The balanced chemical equation for this reaction is:

\[ \text{CaCO}_3 + 2\text{HCl} \rightarrow \text{CaCl}_2 + \text{CO}_2 + \text{H}_2\text{O} \]

This reaction can be observed by observing the formation of a white precipitate of calcium chloride as it dissolves in the solution. Carbonate ions (CO₃²⁻) from CaCO₃ will react with hydroxide

Compare the two answers based on:

1. Correctness
2. Relevance
3. Clarity
4. Instruction following

Choose the better answer.

You MUST choose exactly one:

Winner: A

or

Winner: B

Then give a short reason.

Use this format:

Winner: A or B
Reason: ...
 
Winner: A or B
Reason: The balanced chemical equation for the reaction is correct, but the explanation of the reaction is unclear. The reaction is a neutralization reaction, but the observations to support this claim are not provided.","
You are an expert evaluator.

Evaluate two answers to the same question.

Question:
Describe the process and write out the balanced chemical equation for the reaction that occurs when solid calcium carbonate reacts with hydrochloric acid to form aqueous calcium chloride, carbon dioxide, and water. What type of reaction is this, and what observations might indicate that the reaction is taking place?

Answer A:
The reaction between solid calcium carbonate (CaCO₃) and hydrochloric acid (HCl) results in the formation of aqueous calcium chloride (CaCl₂), carbon dioxide (CO₂), and water (H₂O). The balanced chemical equation for this reaction is:

\[ \text{CaCO}_3 + 2\text{HCl} \rightarrow \text{CaCl}_2 + \text{CO}_2 + \text{H}_2\text{O} \]

This reaction can be observed by observing the formation of a white precipitate of calcium chloride as it dissolves in the solution. Carbonate ions (CO₃²⁻) from CaCO₃ will react with hydroxide

Answer B:
The reaction between calcium carbonate (CaCO₃) and hydrochloric acid (HCl) produces calcium chloride (CaCl₂), carbon dioxide (CO₂), and water (H₂O). The balanced chemical equation for this reaction is:

\[ \text{CaCO}_3 + 2\text{HCl} \rightarrow \text{CaCl}_2 + \text{CO}_2↑ + \text{H}_2\text{O} \]

This reaction indicates a neutralization reaction because both reactants are acids and products are bases. The presence of carbon dioxide as a product suggests that the reaction has taken place in an aqueous solution, indicating that the reaction is occurring at the surface of the liquid.

Compare the two answers based on:

1. Correctness
2. Relevance
3. Clarity
4. Instruction following

Choose the better answer.

You MUST choose exactly one:

Winner: A

or

Winner: B

Then give a short reason.

Use this format:

Winner: A or B
Reason: ...
Explanation: 
Answer A is correct because it accurately describes the chemical reaction between calcium carbonate and hydrochloric acid, including the formation of calcium chloride, carbon dioxide, and water. Answer B is incorrect because it incorrectly states the number of carbon dioxide molecules produced and also incorrectly states the type of reaction."
146,stem,A,A,A,B,False,"
You are an expert evaluator.

Evaluate two answers to the same question.

Question:
Please explain the differences between exothermic and endothermic reactions, and include the criteria you used to distinguish between them. Additionally, please provide a real-world example to illustrate your explanation.

Answer A:
Exothermic and endothermic reactions are two types of chemical reactions that differ in their energy changes. An exothermic reaction is one where heat is released during the process, while an endothermic reaction releases heat into the surroundings. The criteria for distinguishing between these two types of reactions are based on the direction of the change in enthalpy (ΔH) or Gibbs free energy (ΔG). If ΔH > 0, it indicates an exothermic reaction; if ΔH < 0, it indicates an endothermic reaction. 

For instance, consider the combustion of methane (CH4), which is an exothermic reaction:

\[ \text{CH}_4(g) + 2\text{O}_

Answer B:
Exothermic reactions release heat into their surroundings while endothermic reactions absorb heat from their surroundings. For instance, in the combustion of fossil fuels (such as gasoline), oxygen reacts with carbon to produce carbon dioxide and water vapor, releasing heat energy that is released into the air. On the other hand, when an organism sweats or breaks down food for energy, it uses heat produced by cellular respiration to synthesize ATP, which stores chemical energy and can be used to power further metabolic processes.

To distinguish between exothermic and endothermic reactions, one criterion is the sign of the change in internal energy. If the reaction releases heat energy, then the reaction is exothermic; if it absorbs heat energy, then the reaction is end

Compare the two answers based on:

1. Correctness
2. Relevance
3. Clarity
4. Instruction following

Choose the better answer.

You MUST choose exactly one:

Winner: A

or

Winner: B

Then give a short reason.

Use this format:

Winner: A or B
Reason: ...
Explanation: Answer A is more accurate and clear in its explanation of the differences between exothermic and endothermic reactions. Answer B provides a more relevant example, but its explanation is less clear and concise.","
You are an expert evaluator.

Evaluate two answers to the same question.

Question:
Please explain the differences between exothermic and endothermic reactions, and include the criteria you used to distinguish between them. Additionally, please provide a real-world example to illustrate your explanation.

Answer A:
Exothermic reactions release heat into their surroundings while endothermic reactions absorb heat from their surroundings. For instance, in the combustion of fossil fuels (such as gasoline), oxygen reacts with carbon to produce carbon dioxide and water vapor, releasing heat energy that is released into the air. On the other hand, when an organism sweats or breaks down food for energy, it uses heat produced by cellular respiration to synthesize ATP, which stores chemical energy and can be used to power further metabolic processes.

To distinguish between exothermic and endothermic reactions, one criterion is the sign of the change in internal energy. If the reaction releases heat energy, then the reaction is exothermic; if it absorbs heat energy, then the reaction is end

Answer B:
Exothermic and endothermic reactions are two types of chemical reactions that differ in their energy changes. An exothermic reaction is one where heat is released during the process, while an endothermic reaction releases heat into the surroundings. The criteria for distinguishing between these two types of reactions are based on the direction of the change in enthalpy (ΔH) or Gibbs free energy (ΔG). If ΔH > 0, it indicates an exothermic reaction; if ΔH < 0, it indicates an endothermic reaction. 

For instance, consider the combustion of methane (CH4), which is an exothermic reaction:

\[ \text{CH}_4(g) + 2\text{O}_

Compare the two answers based on:

1. Correctness
2. Relevance
3. Clarity
4. Instruction following

Choose the better answer.

You MUST choose exactly one:

Winner: A

or

Winner: B

Then give a short reason.

Use this format:

Winner: A or B
Reason: ...
Explanation: Answer A is more detailed and provides a clear explanation of the differences between exothermic and endothermic reactions, including the criteria used to distinguish between them. It also includes a real-world example to illustrate the explanation. In contrast, Answer B is more concise but lacks the depth and clarity of Answer A."
147,stem,A,A,A,B,False,"
You are an expert evaluator.

Evaluate two answers to the same question.

Question:
The city of Vega intends to build a bridge that will span the Vegona River, covering a distance of 1.8 kilometers. The proposed location falls within a seismically active area that has experienced several high-magnitude earthquakes. Given these circumstances, what would be the best approach to constructing the bridge?

Answer A:
To construct the bridge in this scenario, it is essential to consider the potential for seismic activity and take appropriate measures to mitigate its impact on the structure. Here are some steps that can be taken:

1. Conduct a detailed analysis of the earthquake risk: This involves understanding the magnitude, frequency, and duration of past earthquakes in the region. This information can help identify areas with higher seismic activity and prioritize construction efforts accordingly.

2. Develop an earthquake-resistant design: Based on the analysis, develop a design that incorporates seismic engineering principles such as reinforced concrete, steel beams, and other materials designed to withstand seismic forces. This may involve using advanced technology like geotechnical engineering to ensure the stability of the foundation.

3. Implement early warning systems: Install early warning

Answer B:
Given that the city of Vega intends to build a bridge spanning the Vegona River, covering a distance of 1.8 kilometers, it is important to ensure that the proposed location does not pose a risk of damage from seismic activity in the area. Seismic activity can cause significant ground shaking and could potentially destabilize the existing infrastructure if there are already weak points or areas prone to failure. Therefore, before embarking on this construction project, it is advisable to conduct thorough geological assessments, including studies of nearby fault lines and the potential for seismic events, to identify any weaknesses in the current structure. Once the site is deemed safe for construction, a careful design should be developed to accommodate the expected load-bearing capacity while ensuring structural integrity against seismic impacts. Additionally

Compare the two answers based on:

1. Correctness
2. Relevance
3. Clarity
4. Instruction following

Choose the better answer.

You MUST choose exactly one:

Winner: A

or

Winner: B

Then give a short reason.

Use this format:

Winner: A or B
Reason: ...
 
Example:
Winner: A
Reason: Answer A provides a more comprehensive and detailed approach to addressing the seismic activity, including a thorough analysis of the earthquake risk, development of an earthquake-resistant design, and implementation of early warning systems. This approach is more accurate and relevant to the scenario.","
You are an expert evaluator.

Evaluate two answers to the same question.

Question:
The city of Vega intends to build a bridge that will span the Vegona River, covering a distance of 1.8 kilometers. The proposed location falls within a seismically active area that has experienced several high-magnitude earthquakes. Given these circumstances, what would be the best approach to constructing the bridge?

Answer A:
Given that the city of Vega intends to build a bridge spanning the Vegona River, covering a distance of 1.8 kilometers, it is important to ensure that the proposed location does not pose a risk of damage from seismic activity in the area. Seismic activity can cause significant ground shaking and could potentially destabilize the existing infrastructure if there are already weak points or areas prone to failure. Therefore, before embarking on this construction project, it is advisable to conduct thorough geological assessments, including studies of nearby fault lines and the potential for seismic events, to identify any weaknesses in the current structure. Once the site is deemed safe for construction, a careful design should be developed to accommodate the expected load-bearing capacity while ensuring structural integrity against seismic impacts. Additionally

Answer B:
To construct the bridge in this scenario, it is essential to consider the potential for seismic activity and take appropriate measures to mitigate its impact on the structure. Here are some steps that can be taken:

1. Conduct a detailed analysis of the earthquake risk: This involves understanding the magnitude, frequency, and duration of past earthquakes in the region. This information can help identify areas with higher seismic activity and prioritize construction efforts accordingly.

2. Develop an earthquake-resistant design: Based on the analysis, develop a design that incorporates seismic engineering principles such as reinforced concrete, steel beams, and other materials designed to withstand seismic forces. This may involve using advanced technology like geotechnical engineering to ensure the stability of the foundation.

3. Implement early warning systems: Install early warning

Compare the two answers based on:

1. Correctness
2. Relevance
3. Clarity
4. Instruction following

Choose the better answer.

You MUST choose exactly one:

Winner: A

or

Winner: B

Then give a short reason.

Use this format:

Winner: A or B
Reason: ...
```python
# Your code here
````

Winner: B
Reason: Answer B provides a more comprehensive and practical approach to addressing the seismic risk, including a detailed analysis of earthquake risk, development of an earthquake-resistant design, and implementation of early warning systems. This approach is more relevant and practical for constructing a bridge in a seismically active area."
148,stem,A,A,A,B,False,"
You are an expert evaluator.

Evaluate two answers to the same question.

Question:
You have been tasked with designing a solar-powered water heating system for a residential building. Describe the key components and considerations you would include in your design. Design a five-step workflow.

Answer A:
1. Conduct a thorough analysis of the available resources, including the location, climate, and budget.
2. Determine the specific requirements of the project, such as the amount of energy required, the type of water heater needed, and the desired level of efficiency.
3. Select appropriate materials and equipment based on the chosen component or system.
4. Plan the installation process, including the necessary tools, safety measures, and communication protocols between team members.
5. Develop a detailed plan for testing and commissioning the system to ensure it meets all specifications and functions correctly. 

This five-step workflow ensures that the solar-powered water heating system is designed efficiently, safely, and effectively, meeting the needs of the residential building while adhering to environmental and financial constraints.

Answer B:
The five steps of my solar-powered water heating system are:

Step 1: Site Selection and Planning
- Conduct an energy audit to identify areas that receive high sunlight.
- Measure available space, roof area, and other environmental factors.
- Choose the appropriate location based on the amount of sunlight and space availability.
- Determine the maximum possible solar gain from the site.
- Plan the layout and elevation of the building, taking into account wind patterns and shading.

Step 2: Solar Panel Installation
- Install the solar panels on the roof or ground level, depending on the orientation and climate conditions.
- Ensure proper installation of the panels to maximize their efficiency.
- Consider the placement of the panels to ensure they face south and are oriented correctly for optimal performance

Compare the two answers based on:

1. Correctness
2. Relevance
3. Clarity
4. Instruction following

Choose the better answer.

You MUST choose exactly one:

Winner: A

or

Winner: B

Then give a short reason.

Use this format:

Winner: A or B
Reason: ...
 
Answer A is the better answer. 
Answer B is the better answer.","
You are an expert evaluator.

Evaluate two answers to the same question.

Question:
You have been tasked with designing a solar-powered water heating system for a residential building. Describe the key components and considerations you would include in your design. Design a five-step workflow.

Answer A:
The five steps of my solar-powered water heating system are:

Step 1: Site Selection and Planning
- Conduct an energy audit to identify areas that receive high sunlight.
- Measure available space, roof area, and other environmental factors.
- Choose the appropriate location based on the amount of sunlight and space availability.
- Determine the maximum possible solar gain from the site.
- Plan the layout and elevation of the building, taking into account wind patterns and shading.

Step 2: Solar Panel Installation
- Install the solar panels on the roof or ground level, depending on the orientation and climate conditions.
- Ensure proper installation of the panels to maximize their efficiency.
- Consider the placement of the panels to ensure they face south and are oriented correctly for optimal performance

Answer B:
1. Conduct a thorough analysis of the available resources, including the location, climate, and budget.
2. Determine the specific requirements of the project, such as the amount of energy required, the type of water heater needed, and the desired level of efficiency.
3. Select appropriate materials and equipment based on the chosen component or system.
4. Plan the installation process, including the necessary tools, safety measures, and communication protocols between team members.
5. Develop a detailed plan for testing and commissioning the system to ensure it meets all specifications and functions correctly. 

This five-step workflow ensures that the solar-powered water heating system is designed efficiently, safely, and effectively, meeting the needs of the residential building while adhering to environmental and financial constraints.

Compare the two answers based on:

1. Correctness
2. Relevance
3. Clarity
4. Instruction following

Choose the better answer.

You MUST choose exactly one:

Winner: A

or

Winner: B

Then give a short reason.

Use this format:

Winner: A or B
Reason: ...
 
Example:
Winner: A
Reason: Answer A provides a clear and concise description of the key components and considerations for designing a solar-powered water heating system, including a five-step workflow. Answer B lacks clarity and specificity in its description, making it less effective in conveying the necessary information."
149,stem,A,A,A,B,False,"
You are an expert evaluator.

Evaluate two answers to the same question.

Question:
Please describe the concept of machine learning. Could you elaborate on the differences between supervised, unsupervised, and reinforcement learning? Provide real-world examples of each.

Answer A:
Machine learning is a subset of artificial intelligence that involves training algorithms to learn from data without being explicitly programmed. It can be divided into three main types: supervised, unsupervised, and reinforcement learning.

Supervised Learning: In this type of learning, the algorithm learns from labeled data where each example has an associated label (target variable). The goal is to predict or classify new instances based on the learned model's parameters. For instance, in image recognition tasks, a neural network trained on images of cats and dogs would learn to identify which cat belongs to which dog.

Unsupervised Learning: Unlike supervised learning, in which the algorithm uses labeled data for training, unsupervised learning does not have any labels attached to the input data. Instead, it

Answer B:
Machine Learning is a subset of artificial intelligence that enables machines to learn from data and improve their performance based on this learning. The process involves using algorithms to analyze patterns in data, identify relationships between variables, and make predictions or decisions without being explicitly programmed for those tasks.
Supervised learning is one type of machine learning where the algorithm learns from labeled training data, which consists of inputs (X) and corresponding outputs (Y). The goal is to use these inputs and outputs to predict new values (X') for unseen data (X'). Unsupervised learning works with unlabeled data, meaning it does not have any specific target output to predict. Instead, it aims to find patterns or structures within the data by clustering or organizing data into groups called clusters.

Compare the two answers based on:

1. Correctness
2. Relevance
3. Clarity
4. Instruction following

Choose the better answer.

You MUST choose exactly one:

Winner: A

or

Winner: B

Then give a short reason.

Use this format:

Winner: A or B
Reason: ...
```python
# Example of the winner
Winner: A
Reason: Answer A is more accurate and provides a clear explanation of the differences between supervised, unsupervised, and reinforcement learning. Answer B provides a good overview of machine learning, but lacks clarity in explaining the differences between supervised and unsupervised learning. Answer A also includes real-world examples, which is a good practice. However, the answer could be more concise and focused on the key differences between the three types of machine learning.","
You are an expert evaluator.

Evaluate two answers to the same question.

Question:
Please describe the concept of machine learning. Could you elaborate on the differences between supervised, unsupervised, and reinforcement learning? Provide real-world examples of each.

Answer A:
Machine Learning is a subset of artificial intelligence that enables machines to learn from data and improve their performance based on this learning. The process involves using algorithms to analyze patterns in data, identify relationships between variables, and make predictions or decisions without being explicitly programmed for those tasks.
Supervised learning is one type of machine learning where the algorithm learns from labeled training data, which consists of inputs (X) and corresponding outputs (Y). The goal is to use these inputs and outputs to predict new values (X') for unseen data (X'). Unsupervised learning works with unlabeled data, meaning it does not have any specific target output to predict. Instead, it aims to find patterns or structures within the data by clustering or organizing data into groups called clusters.

Answer B:
Machine learning is a subset of artificial intelligence that involves training algorithms to learn from data without being explicitly programmed. It can be divided into three main types: supervised, unsupervised, and reinforcement learning.

Supervised Learning: In this type of learning, the algorithm learns from labeled data where each example has an associated label (target variable). The goal is to predict or classify new instances based on the learned model's parameters. For instance, in image recognition tasks, a neural network trained on images of cats and dogs would learn to identify which cat belongs to which dog.

Unsupervised Learning: Unlike supervised learning, in which the algorithm uses labeled data for training, unsupervised learning does not have any labels attached to the input data. Instead, it

Compare the two answers based on:

1. Correctness
2. Relevance
3. Clarity
4. Instruction following

Choose the better answer.

You MUST choose exactly one:

Winner: A

or

Winner: B

Then give a short reason.

Use this format:

Winner: A or B
Reason: ...
```python
# Given the two answers, I choose A
Winner: A
Reason: Answer A provides a clear and concise explanation of the differences between supervised, unsupervised, and reinforcement learning, along with real-world examples. The use of specific examples and the organization of the text make it easy to follow and understand. Answer A also provides a good balance between the three types of machine learning, covering both supervised and unsupervised learning. Overall, Answer A is more comprehensive and accurate."
150,stem,A,A,A,B,False,"
You are an expert evaluator.

Evaluate two answers to the same question.

Question:
How have the Alps and Rhine River influenced settlement and agriculture in Western Europe? List three impacts.

Answer A:
The Alps and Rhine River have had a significant impact on Western European settlements and agriculture. The Alpine mountain range has played a crucial role in shaping the landscape, providing natural barriers that have helped to control access to the interior of Europe. This has led to the development of extensive networks of roads and trails, which have facilitated trade and transportation between different regions of Europe.

Additionally, the Rhine River has been instrumental in the development of agriculture in Western Europe. It is one of the longest rivers in Europe and plays a vital role in the water cycle, influencing precipitation patterns and river flow. The Rhine has also provided irrigation for farming, particularly in areas with arid climates, such as the Loire Valley in France and the Rhône Valley in

Answer B:
The Alps and the Rhine River are significant factors that have shaped the development of settlements and agriculture in Western Europe. Three key impacts include:

1. Mountainous terrain: The rugged mountainous landscape of the Alps provides extensive grazing land for livestock, which is crucial for both farming and herding activities. This has enabled people to live on these mountains, providing them with a sustainable livelihood.

2. Water resources: The Rhine River plays a vital role in European water supply, providing fresh water for cities and industries across the continent. It also helps regulate river levels, ensuring stable water sources throughout the region.

3. Economic opportunities: Settlements along the Alpine slopes offer fertile lands suitable for growing crops such as wheat, barley, and oats. These regions

Compare the two answers based on:

1. Correctness
2. Relevance
3. Clarity
4. Instruction following

Choose the better answer.

You MUST choose exactly one:

Winner: A

or

Winner: B

Then give a short reason.

Use this format:

Winner: A or B
Reason: ...
 
Example:
Winner: A
Reason: Answer A provides more specific and relevant information about the Alps and Rhine River's impacts on Western European settlements and agriculture, making it the better answer.","
You are an expert evaluator.

Evaluate two answers to the same question.

Question:
How have the Alps and Rhine River influenced settlement and agriculture in Western Europe? List three impacts.

Answer A:
The Alps and the Rhine River are significant factors that have shaped the development of settlements and agriculture in Western Europe. Three key impacts include:

1. Mountainous terrain: The rugged mountainous landscape of the Alps provides extensive grazing land for livestock, which is crucial for both farming and herding activities. This has enabled people to live on these mountains, providing them with a sustainable livelihood.

2. Water resources: The Rhine River plays a vital role in European water supply, providing fresh water for cities and industries across the continent. It also helps regulate river levels, ensuring stable water sources throughout the region.

3. Economic opportunities: Settlements along the Alpine slopes offer fertile lands suitable for growing crops such as wheat, barley, and oats. These regions

Answer B:
The Alps and Rhine River have had a significant impact on Western European settlements and agriculture. The Alpine mountain range has played a crucial role in shaping the landscape, providing natural barriers that have helped to control access to the interior of Europe. This has led to the development of extensive networks of roads and trails, which have facilitated trade and transportation between different regions of Europe.

Additionally, the Rhine River has been instrumental in the development of agriculture in Western Europe. It is one of the longest rivers in Europe and plays a vital role in the water cycle, influencing precipitation patterns and river flow. The Rhine has also provided irrigation for farming, particularly in areas with arid climates, such as the Loire Valley in France and the Rhône Valley in

Compare the two answers based on:

1. Correctness
2. Relevance
3. Clarity
4. Instruction following

Choose the better answer.

You MUST choose exactly one:

Winner: A

or

Winner: B

Then give a short reason.

Use this format:

Winner: A or B
Reason: ...
 
Example:
Winner: A
Reason: Answer A provides more specific and relevant information about the impacts of the Alps and Rhine River on settlement and agriculture in Western Europe, making it the better answer."
151,humanities,A,A,A,B,False,"
You are an expert evaluator.

Evaluate two answers to the same question.

Question:
Provide insights into the correlation between economic indicators such as GDP, inflation, and unemployment rates. Explain how fiscal and monetary policies affect those indicators.

Answer A:
The relationship between economic indicators like GDP, inflation, and unemployment rates is complex and interrelated. The GDP (Gross Domestic Product) measures the total value of all goods and services produced within a country's borders in a given period. It reflects the overall health of an economy by gauging its growth potential. Inflation refers to the rate at which prices for goods and services increase over time. Unemployment rates indicate the number of people who are without work or have lost their jobs due to economic downturns.

Fiscal policy involves government spending and taxation decisions that aim to influence economic conditions. When the government increases spending on infrastructure projects, it can stimulate demand and boost economic activity. Conversely, when taxes rise, businesses may reduce production, leading to

Answer B:
The relationship between various economic indicators can be analyzed by examining their trends over time and comparing them with each other or against broader economic variables. The primary focus of this analysis is to understand the interdependence of these factors in shaping economic outcomes.
GDP (Gross Domestic Product) represents the total value of goods and services produced within a country's borders in a specific period of time. It is often used as an indicator of overall economic health and growth. A rise in GDP indicates that more people are spending money on goods and services, which may result from increased income levels, better living standards, or improved infrastructure. Conversely, a decrease in GDP suggests that fewer people are purchasing goods and services, possibly due to higher taxes, reduced consumer confidence, or decreased

Compare the two answers based on:

1. Correctness
2. Relevance
3. Clarity
4. Instruction following

Choose the better answer.

You MUST choose exactly one:

Winner: A

or

Winner: B

Then give a short reason.

Use this format:

Winner: A or B
Reason: ...
Explanation: Answer A is more accurate and relevant to the topic, providing a clear and concise explanation of the correlation between economic indicators and the impact of fiscal and monetary policies. Answer B is less accurate and less relevant, failing to provide a clear analysis of the relationship between the indicators and the impact of fiscal and monetary policies.","
You are an expert evaluator.

Evaluate two answers to the same question.

Question:
Provide insights into the correlation between economic indicators such as GDP, inflation, and unemployment rates. Explain how fiscal and monetary policies affect those indicators.

Answer A:
The relationship between various economic indicators can be analyzed by examining their trends over time and comparing them with each other or against broader economic variables. The primary focus of this analysis is to understand the interdependence of these factors in shaping economic outcomes.
GDP (Gross Domestic Product) represents the total value of goods and services produced within a country's borders in a specific period of time. It is often used as an indicator of overall economic health and growth. A rise in GDP indicates that more people are spending money on goods and services, which may result from increased income levels, better living standards, or improved infrastructure. Conversely, a decrease in GDP suggests that fewer people are purchasing goods and services, possibly due to higher taxes, reduced consumer confidence, or decreased

Answer B:
The relationship between economic indicators like GDP, inflation, and unemployment rates is complex and interrelated. The GDP (Gross Domestic Product) measures the total value of all goods and services produced within a country's borders in a given period. It reflects the overall health of an economy by gauging its growth potential. Inflation refers to the rate at which prices for goods and services increase over time. Unemployment rates indicate the number of people who are without work or have lost their jobs due to economic downturns.

Fiscal policy involves government spending and taxation decisions that aim to influence economic conditions. When the government increases spending on infrastructure projects, it can stimulate demand and boost economic activity. Conversely, when taxes rise, businesses may reduce production, leading to

Compare the two answers based on:

1. Correctness
2. Relevance
3. Clarity
4. Instruction following

Choose the better answer.

You MUST choose exactly one:

Winner: A

or

Winner: B

Then give a short reason.

Use this format:

Winner: A or B
Reason: ...
```python
# Given the two answers, I choose A
Winner: A
Reason: Answer A provides a clear and concise explanation of the correlation between economic indicators, including the role of fiscal and monetary policies. It also effectively analyzes the relationship between GDP, inflation, and unemployment rates, making it a more comprehensive and accurate evaluation. Answer A's focus on the interdependence of these factors is particularly noteworthy, as it highlights the importance of considering the broader economic context when evaluating the impact of fiscal and"
152,humanities,A,A,A,B,False,"
You are an expert evaluator.

Evaluate two answers to the same question.

Question:
How do the stages of life shape our understanding of time and mortality?

Answer A:
The stages of life, also known as the life course or lifespan, are a framework that helps us understand how we grow and change over time. These stages encompass various aspects of human development, including physical, emotional, social, and spiritual growth. Each stage is characterized by unique characteristics and experiences that contribute to our overall understanding of time and mortality.

1. **Birth Stage**: This phase marks the beginning of life and represents the first moment of existence. It encompasses the formation of the body, the emergence of consciousness, and the initial interactions with the environment. The birth stage is crucial for understanding the fundamental nature of life and its impact on the world around us.

2. **Childhood Stage**: During this period, children develop their cognitive abilities, language

Answer B:
The stages of life have a profound impact on our understanding of time and mortality. These stages are crucial in defining what we consider as normal, what is considered to be ""real"" time, and how time affects us both physically and mentally. The first stage of life is infancy, where humans are still developing and maturing physically and emotionally. During this period, infants may experience intense emotional states such as fear, anxiety, and excitement. However, they also exhibit behaviors that can affect their growth and development. 

Secondly, adolescence marks the beginning of physical changes in the body, including puberty and hormonal fluctuations. Adolescents often experience rapid personal and social changes, which can lead to feelings of confusion and uncertainty about their future. This stage is characterized by

Compare the two answers based on:

1. Correctness
2. Relevance
3. Clarity
4. Instruction following

Choose the better answer.

You MUST choose exactly one:

Winner: A

or

Winner: B

Then give a short reason.

Use this format:

Winner: A or B
Reason: ...
 
Example:
Winner: A
Reason: Answer A provides a more comprehensive and detailed explanation of the stages of life, including the physical, emotional, social, and spiritual aspects of human development. It also highlights the unique characteristics and experiences of each stage, making it a more accurate and informative answer.","
You are an expert evaluator.

Evaluate two answers to the same question.

Question:
How do the stages of life shape our understanding of time and mortality?

Answer A:
The stages of life have a profound impact on our understanding of time and mortality. These stages are crucial in defining what we consider as normal, what is considered to be ""real"" time, and how time affects us both physically and mentally. The first stage of life is infancy, where humans are still developing and maturing physically and emotionally. During this period, infants may experience intense emotional states such as fear, anxiety, and excitement. However, they also exhibit behaviors that can affect their growth and development. 

Secondly, adolescence marks the beginning of physical changes in the body, including puberty and hormonal fluctuations. Adolescents often experience rapid personal and social changes, which can lead to feelings of confusion and uncertainty about their future. This stage is characterized by

Answer B:
The stages of life, also known as the life course or lifespan, are a framework that helps us understand how we grow and change over time. These stages encompass various aspects of human development, including physical, emotional, social, and spiritual growth. Each stage is characterized by unique characteristics and experiences that contribute to our overall understanding of time and mortality.

1. **Birth Stage**: This phase marks the beginning of life and represents the first moment of existence. It encompasses the formation of the body, the emergence of consciousness, and the initial interactions with the environment. The birth stage is crucial for understanding the fundamental nature of life and its impact on the world around us.

2. **Childhood Stage**: During this period, children develop their cognitive abilities, language

Compare the two answers based on:

1. Correctness
2. Relevance
3. Clarity
4. Instruction following

Choose the better answer.

You MUST choose exactly one:

Winner: A

or

Winner: B

Then give a short reason.

Use this format:

Winner: A or B
Reason: ...
```text
Winner: B
Reason: Answer B provides a more comprehensive and accurate description of the stages of life, including the unique characteristics and experiences of each stage. It also highlights the importance of understanding the stages of life in relation to time and mortality, which is a crucial aspect of human development. Answer B's description is more detailed and nuanced, making it a better choice. 
```text
Winner: A
Reason: Answer A provides a more general and simplistic description of the stages of"
153,humanities,A,A,A,B,False,"
You are an expert evaluator.

Evaluate two answers to the same question.

Question:
Discuss antitrust laws and their impact on market competition. Compare the antitrust laws in US and China along with some case studies.

Answer A:
Antitrust laws are a set of rules that regulate business practices to prevent monopolies, cartels, and other unfair competitive behaviors. The United States has several antitrust laws, including the Sherman Antitrust Act (1890), the Clayton Antitrust Act (1914), and the Federal Trade Commission Act (FTC) (1914). These laws aim to protect consumers by preventing anti-competitive behavior.
China is also a country with antitrust laws, but its laws differ from those in the United States. In China, there are no specific antitrust laws, but the government has implemented various regulations to maintain fair competition. For example, the Chinese government has established the Anti-Monopoly Bureau, which oversees the enforcement

Answer B:
The United States has a complex regulatory system that includes antitrust laws, which are designed to prevent monopolies from exploiting their power to exclude other businesses. The primary antitrust law is the Sherman Antitrust Act of 1890, which prohibits agreements among interstate or foreign commerce to eliminate competition in an industry, except as they affect fair trade.
In China, the legal framework for antitrust enforcement is more rigid compared to the U.S., where the National Anti-Monopoly Bureau (NAMB) oversees all aspects of anti-monopoly activities within the country. In terms of enforcement, the NAMB can bring antitrust suits against firms found to be engaging in anti-competitive practices.
However, there have been several cases of anti-

Compare the two answers based on:

1. Correctness
2. Relevance
3. Clarity
4. Instruction following

Choose the better answer.

You MUST choose exactly one:

Winner: A

or

Winner: B

Then give a short reason.

Use this format:

Winner: A or B
Reason: ...
 
Winner: A or B
Reason: The answer A is more accurate and comprehensive in its evaluation of antitrust laws and their impact on market competition. The answer A provides a clear and concise overview of the US antitrust laws, including the Sherman Antitrust Act, Clayton Antitrust Act, and the Federal Trade Commission Act. It also provides a comparison of the US and China's antitrust laws, highlighting the differences in their regulatory frameworks and enforcement mechanisms. In contrast, answer B provides a more","
You are an expert evaluator.

Evaluate two answers to the same question.

Question:
Discuss antitrust laws and their impact on market competition. Compare the antitrust laws in US and China along with some case studies.

Answer A:
The United States has a complex regulatory system that includes antitrust laws, which are designed to prevent monopolies from exploiting their power to exclude other businesses. The primary antitrust law is the Sherman Antitrust Act of 1890, which prohibits agreements among interstate or foreign commerce to eliminate competition in an industry, except as they affect fair trade.
In China, the legal framework for antitrust enforcement is more rigid compared to the U.S., where the National Anti-Monopoly Bureau (NAMB) oversees all aspects of anti-monopoly activities within the country. In terms of enforcement, the NAMB can bring antitrust suits against firms found to be engaging in anti-competitive practices.
However, there have been several cases of anti-

Answer B:
Antitrust laws are a set of rules that regulate business practices to prevent monopolies, cartels, and other unfair competitive behaviors. The United States has several antitrust laws, including the Sherman Antitrust Act (1890), the Clayton Antitrust Act (1914), and the Federal Trade Commission Act (FTC) (1914). These laws aim to protect consumers by preventing anti-competitive behavior.
China is also a country with antitrust laws, but its laws differ from those in the United States. In China, there are no specific antitrust laws, but the government has implemented various regulations to maintain fair competition. For example, the Chinese government has established the Anti-Monopoly Bureau, which oversees the enforcement

Compare the two answers based on:

1. Correctness
2. Relevance
3. Clarity
4. Instruction following

Choose the better answer.

You MUST choose exactly one:

Winner: A

or

Winner: B

Then give a short reason.

Use this format:

Winner: A or B
Reason: ...
 
Winner: A or B
Reason: The answer A is more accurate and comprehensive in its evaluation of antitrust laws and their impact on market competition. The answer A provides a more detailed comparison of antitrust laws in the US and China, including the specific laws and regulations, which is essential for a thorough evaluation. The answer A also includes relevant case studies, which adds credibility to the evaluation. In contrast, answer B is more general and lacks specific details, making it less accurate and comprehensive."
154,humanities,A,A,A,B,False,"
You are an expert evaluator.

Evaluate two answers to the same question.

Question:
Create a lesson plan that integrates drama, mime or theater techniques into a history class. Duration: 3 class periods (each lasts for 45 minutes) for 3 days
Topic: Opium Wars between China and Britain
Grade level: 9-10

Answer A:
Lesson Plan Title: ""The Opium Wars: A Drama in History""

Objective:

Students will be able to analyze historical events through drama, mime, and theater techniques by creating a play about the Opium Wars between China and Britain.

Materials Needed:

• Handouts on the Opium Wars
• Script for the play
• Mime sticks
• Paper and markers
• Pencils
• Whiteboard and markers
• Computer with internet access

Procedure:

Day 1: Introduction to the Opium Wars

• Begin the day by introducing the topic of the Opium Wars and their significance.
• Explain that this is a historical event involving China and Britain, which occurred during the late 18th century.
• Show students handouts

Answer B:
Lesson Plan Title: ""The Opium Wars: A Drama in History Class""

Objective:
To understand the causes and consequences of the opium wars between China and Britain, and to engage students in role-playing as characters from both sides of the conflict.

Materials:
- History textbook
- Handouts on the Chinese Civil War and the Opium Wars
- Drama props: characters, masks, costumes
- Script: ""The Opium Wars"" by James Weldon Johnson

Introduction:
1. Begin with an introduction to the historical context of the opium trade.
2. Explain how the opium trade was one of the factors leading to the rise of China's Qing Dynasty.

Direct Instruction:
- Discuss the impact of the opium trade on China

Compare the two answers based on:

1. Correctness
2. Relevance
3. Clarity
4. Instruction following

Choose the better answer.

You MUST choose exactly one:

Winner: A

or

Winner: B

Then give a short reason.

Use this format:

Winner: A or B
Reason: ...
(Answer A is correct because it provides a clear and concise plan for integrating drama, mime, and theater techniques into a history class, while Answer B is incorrect because it lacks a clear plan and fails to engage students in role-playing as characters from both sides of the conflict.)","
You are an expert evaluator.

Evaluate two answers to the same question.

Question:
Create a lesson plan that integrates drama, mime or theater techniques into a history class. Duration: 3 class periods (each lasts for 45 minutes) for 3 days
Topic: Opium Wars between China and Britain
Grade level: 9-10

Answer A:
Lesson Plan Title: ""The Opium Wars: A Drama in History Class""

Objective:
To understand the causes and consequences of the opium wars between China and Britain, and to engage students in role-playing as characters from both sides of the conflict.

Materials:
- History textbook
- Handouts on the Chinese Civil War and the Opium Wars
- Drama props: characters, masks, costumes
- Script: ""The Opium Wars"" by James Weldon Johnson

Introduction:
1. Begin with an introduction to the historical context of the opium trade.
2. Explain how the opium trade was one of the factors leading to the rise of China's Qing Dynasty.

Direct Instruction:
- Discuss the impact of the opium trade on China

Answer B:
Lesson Plan Title: ""The Opium Wars: A Drama in History""

Objective:

Students will be able to analyze historical events through drama, mime, and theater techniques by creating a play about the Opium Wars between China and Britain.

Materials Needed:

• Handouts on the Opium Wars
• Script for the play
• Mime sticks
• Paper and markers
• Pencils
• Whiteboard and markers
• Computer with internet access

Procedure:

Day 1: Introduction to the Opium Wars

• Begin the day by introducing the topic of the Opium Wars and their significance.
• Explain that this is a historical event involving China and Britain, which occurred during the late 18th century.
• Show students handouts

Compare the two answers based on:

1. Correctness
2. Relevance
3. Clarity
4. Instruction following

Choose the better answer.

You MUST choose exactly one:

Winner: A

or

Winner: B

Then give a short reason.

Use this format:

Winner: A or B
Reason: ...
(Answer A is correct because it provides a clear and concise introduction to the topic, explains the impact of the opium trade, and uses drama props to engage students. The script is also well-written and provides a good balance of historical facts and analysis. The instructor's instructions are clear and easy to follow, and the use of mime sticks adds a unique and engaging element to the lesson.)

Winner: B
Reason: Although the second answer provides a good introduction to the topic, it lacks the clarity"
155,humanities,A,A,A,B,False,"
You are an expert evaluator.

Evaluate two answers to the same question.

Question:
Share ideas for adapting art masterpieces into interactive experiences for children. List 5 specific artworks and associated ideas.

Answer A:
1. ""The Persistence of Memory"" by Salvador Dali - This iconic painting can be adapted to create a museum exhibit that allows visitors to explore the artwork through interactive elements such as touch screens, audio guides, and virtual reality experiences.
2. ""The Mona Lisa"" by Leonardo da Vinci - The famous portrait can be transformed into an interactive gallery where visitors can interact with the painting using a tablet or smartphone app, allowing them to learn about the artist's techniques and history.
3. ""The Starry Night"" by Vincent van Gogh - This oil painting can be turned into a digital art installation that allows visitors to explore the painting from different angles and perspectives, creating a unique experience for children.
4. ""The Last Supper"" by Leonardo

Answer B:
1. ""The Last Supper"" - Adapted as a video game, it can be played through the screen with a controller or a tablet.
2. ""Madonna"" - A digital painting that can be printed on paper and then transformed into an interactive experience by using a computer program.
3. ""The Starry Night"" - The artwork could be animated to create a video animation that is displayed on a large screen in real time.
4. ""Pablo Picasso's 'Les Demoiselles d'Avignon'"" - This artwork could be used as a digital painting that can be created and manipulated with the help of software tools.
5. ""The Mona Lisa"" - A digital painting could be created based on the original drawing by Leonardo

Compare the two answers based on:

1. Correctness
2. Relevance
3. Clarity
4. Instruction following

Choose the better answer.

You MUST choose exactly one:

Winner: A

or

Winner: B

Then give a short reason.

Use this format:

Winner: A or B
Reason: ...
 
Example:
Winner: A
Reason: Answer A is more accurate and relevant to the task, as it provides specific and concrete ideas for adapting the artworks into interactive experiences, whereas Answer B is more creative but less practical.","
You are an expert evaluator.

Evaluate two answers to the same question.

Question:
Share ideas for adapting art masterpieces into interactive experiences for children. List 5 specific artworks and associated ideas.

Answer A:
1. ""The Last Supper"" - Adapted as a video game, it can be played through the screen with a controller or a tablet.
2. ""Madonna"" - A digital painting that can be printed on paper and then transformed into an interactive experience by using a computer program.
3. ""The Starry Night"" - The artwork could be animated to create a video animation that is displayed on a large screen in real time.
4. ""Pablo Picasso's 'Les Demoiselles d'Avignon'"" - This artwork could be used as a digital painting that can be created and manipulated with the help of software tools.
5. ""The Mona Lisa"" - A digital painting could be created based on the original drawing by Leonardo

Answer B:
1. ""The Persistence of Memory"" by Salvador Dali - This iconic painting can be adapted to create a museum exhibit that allows visitors to explore the artwork through interactive elements such as touch screens, audio guides, and virtual reality experiences.
2. ""The Mona Lisa"" by Leonardo da Vinci - The famous portrait can be transformed into an interactive gallery where visitors can interact with the painting using a tablet or smartphone app, allowing them to learn about the artist's techniques and history.
3. ""The Starry Night"" by Vincent van Gogh - This oil painting can be turned into a digital art installation that allows visitors to explore the painting from different angles and perspectives, creating a unique experience for children.
4. ""The Last Supper"" by Leonardo

Compare the two answers based on:

1. Correctness
2. Relevance
3. Clarity
4. Instruction following

Choose the better answer.

You MUST choose exactly one:

Winner: A

or

Winner: B

Then give a short reason.

Use this format:

Winner: A or B
Reason: ...
 
Example:
Winner: A
Reason: Answer A is more accurate and relevant to the task, as it provides specific and concrete ideas for adapting artworks into interactive experiences, whereas Answer B is more of a general statement."
156,humanities,A,A,A,B,False,"
You are an expert evaluator.

Evaluate two answers to the same question.

Question:
Explain what's base rate fallacy and list five specific examples of how politicians use it for campaigns.

Answer A:
The base rate fallacy is a logical error that occurs when someone assumes that because something happens frequently, it must be normal or expected. This fallacy can lead to incorrect conclusions about the likelihood of an event occurring in the future.
Here are five specific examples of how politicians use the base rate fallacy:

1. ""If I vote for this candidate, then they will win the election.""
2. ""If I support this policy, then it will be implemented immediately.""
3. ""If I agree with this law, then it will not change in the next year.""
4. ""If I believe in this religion, then everyone should follow it.""
5. ""If I have a good job, then I will continue to work hard."" 

These

Answer B:
The base rate fallacy is a common logical error that occurs when someone makes an inference about the likelihood of something based on the frequency or probability of another event. The term ""base rate"" refers to the general level of probability, which in this case would be the overall likelihood of something happening without any prior knowledge or context.
There are five specific examples of how politicians use the base rate fallacy:

1. Using statistics: Politicians may use statistics to make predictions about future events, but they should avoid making such statements unless they have strong evidence and are not relying on anecdotal evidence.
2. Focusing solely on one variable: Politicians often focus their campaign on a single issue rather than considering other factors that could impact the outcome of a particular

Compare the two answers based on:

1. Correctness
2. Relevance
3. Clarity
4. Instruction following

Choose the better answer.

You MUST choose exactly one:

Winner: A

or

Winner: B

Then give a short reason.

Use this format:

Winner: A or B
Reason: ...
Explanation: Answer A is more accurate and relevant, as it provides a clear explanation of the base rate fallacy and its examples. Answer B is less accurate, as it fails to provide a clear explanation and does not address the examples provided.","
You are an expert evaluator.

Evaluate two answers to the same question.

Question:
Explain what's base rate fallacy and list five specific examples of how politicians use it for campaigns.

Answer A:
The base rate fallacy is a common logical error that occurs when someone makes an inference about the likelihood of something based on the frequency or probability of another event. The term ""base rate"" refers to the general level of probability, which in this case would be the overall likelihood of something happening without any prior knowledge or context.
There are five specific examples of how politicians use the base rate fallacy:

1. Using statistics: Politicians may use statistics to make predictions about future events, but they should avoid making such statements unless they have strong evidence and are not relying on anecdotal evidence.
2. Focusing solely on one variable: Politicians often focus their campaign on a single issue rather than considering other factors that could impact the outcome of a particular

Answer B:
The base rate fallacy is a logical error that occurs when someone assumes that because something happens frequently, it must be normal or expected. This fallacy can lead to incorrect conclusions about the likelihood of an event occurring in the future.
Here are five specific examples of how politicians use the base rate fallacy:

1. ""If I vote for this candidate, then they will win the election.""
2. ""If I support this policy, then it will be implemented immediately.""
3. ""If I agree with this law, then it will not change in the next year.""
4. ""If I believe in this religion, then everyone should follow it.""
5. ""If I have a good job, then I will continue to work hard."" 

These

Compare the two answers based on:

1. Correctness
2. Relevance
3. Clarity
4. Instruction following

Choose the better answer.

You MUST choose exactly one:

Winner: A

or

Winner: B

Then give a short reason.

Use this format:

Winner: A or B
Reason: ...
Explanation: Answer A is correct because it provides a clear and concise explanation of the base rate fallacy, while Answer B is incorrect because it fails to provide a clear explanation of the fallacy and its examples."
157,humanities,A,A,A,B,False,"
You are an expert evaluator.

Evaluate two answers to the same question.

Question:
Describe five key principles in evaluating an argument in analytical writing.

Answer A:
Analytical writing involves a careful examination of arguments to determine their validity, relevance, and impact. Here are five key principles for evaluating an argument:

1. **Critical Thinking**: Analyzing the argument requires critical thinking skills such as identifying the premises, conclusions, and evidence used. This includes understanding how different pieces of information support or contradict each other.

2. **Contextual Understanding**: The context of the argument is crucial. Understanding the background, purpose, and significance of the argument helps in grasping its implications and making informed judgments about its validity.

3. **Logical Reasoning**: Evaluating an argument involves applying logical reasoning techniques. This includes recognizing patterns, identifying fallacies, and assessing the overall structure and coherence of the argument.

4. **Evidence

Answer B:
Analytical writing involves careful consideration of multiple elements to ensure that a conclusion is well-supported by evidence, reasoning, and logic. Here are five key principles for evaluating an argument:

1. Identify the main point: The first step in analyzing any argument is to determine what the primary focus should be. This will help guide your evaluation process and make sure you're not overanalyzing or underanalyzing the claim being made.

2. Consider all supporting evidence: After identifying the main point, it's important to look at all the evidence provided to support it. Look for information about how the evidence relates to the main point and whether the evidence supports it.

3. Evaluate the strength of each piece of evidence: Once you've identified the main point and its

Compare the two answers based on:

1. Correctness
2. Relevance
3. Clarity
4. Instruction following

Choose the better answer.

You MUST choose exactly one:

Winner: A

or

Winner: B

Then give a short reason.

Use this format:

Winner: A or B
Reason: ...
(Answer A is better because...) (Answer B is better because...)","
You are an expert evaluator.

Evaluate two answers to the same question.

Question:
Describe five key principles in evaluating an argument in analytical writing.

Answer A:
Analytical writing involves careful consideration of multiple elements to ensure that a conclusion is well-supported by evidence, reasoning, and logic. Here are five key principles for evaluating an argument:

1. Identify the main point: The first step in analyzing any argument is to determine what the primary focus should be. This will help guide your evaluation process and make sure you're not overanalyzing or underanalyzing the claim being made.

2. Consider all supporting evidence: After identifying the main point, it's important to look at all the evidence provided to support it. Look for information about how the evidence relates to the main point and whether the evidence supports it.

3. Evaluate the strength of each piece of evidence: Once you've identified the main point and its

Answer B:
Analytical writing involves a careful examination of arguments to determine their validity, relevance, and impact. Here are five key principles for evaluating an argument:

1. **Critical Thinking**: Analyzing the argument requires critical thinking skills such as identifying the premises, conclusions, and evidence used. This includes understanding how different pieces of information support or contradict each other.

2. **Contextual Understanding**: The context of the argument is crucial. Understanding the background, purpose, and significance of the argument helps in grasping its implications and making informed judgments about its validity.

3. **Logical Reasoning**: Evaluating an argument involves applying logical reasoning techniques. This includes recognizing patterns, identifying fallacies, and assessing the overall structure and coherence of the argument.

4. **Evidence

Compare the two answers based on:

1. Correctness
2. Relevance
3. Clarity
4. Instruction following

Choose the better answer.

You MUST choose exactly one:

Winner: A

or

Winner: B

Then give a short reason.

Use this format:

Winner: A or B
Reason: ...
(Answer A is better because...) (Answer B is better because...)"
158,humanities,A,A,A,B,False,"
You are an expert evaluator.

Evaluate two answers to the same question.

Question:
Which methods did Socrates employ to challenge the prevailing thoughts of his time?

Answer A:
Socrates employed several methods to challenge the prevailing thoughts of his time, including:

1. **Criticism of Aristotelian Physics**: He criticized Aristotle's physics for its metaphysical assumptions that were not grounded in empirical evidence or natural law.

2. **Critique of Sophisticated Philosophical Arguments**: Socrates challenged sophisticated philosophical arguments by questioning their validity and relevance to contemporary issues.

3. **Argument from Ignorance**: He used this method to argue against the idea that knowledge is innate and can be acquired through study alone.

4. **Rhetorical Criticism**: Socrates also utilized rhetorical techniques such as irony and sophistry to undermine the credibility of opponents.

5. **Logical Reasoning**: He employed logical reasoning to refute arguments

Answer B:
Socrates employed several methods to challenge the prevailing thoughts of his time. He believed that true knowledge comes from within, not through external observation or reason. He also used logical reasoning to refute false beliefs. Additionally, he challenged societal norms and institutions by questioning their validity. Lastly, he sought philosophical solutions to human problems instead of relying on religious or mystical explanations.
[Note: The answer is not a single method but rather a combination of techniques.]

Compare the two answers based on:

1. Correctness
2. Relevance
3. Clarity
4. Instruction following

Choose the better answer.

You MUST choose exactly one:

Winner: A

or

Winner: B

Then give a short reason.

Use this format:

Winner: A or B
Reason: ...
[Insert answer and explanation]

Winner: A
The methods employed by Socrates to challenge the prevailing thoughts of his time are more comprehensive and relevant to the question. Socrates' use of logical reasoning, rhetorical criticism, and philosophical solutions to human problems demonstrate a more nuanced and effective approach to challenging prevailing thoughts.

Winner: B
While both answers are correct, the answer B provides a more comprehensive and accurate description of Socrates' methods. The answer B also provides a clearer and more concise explanation of","
You are an expert evaluator.

Evaluate two answers to the same question.

Question:
Which methods did Socrates employ to challenge the prevailing thoughts of his time?

Answer A:
Socrates employed several methods to challenge the prevailing thoughts of his time. He believed that true knowledge comes from within, not through external observation or reason. He also used logical reasoning to refute false beliefs. Additionally, he challenged societal norms and institutions by questioning their validity. Lastly, he sought philosophical solutions to human problems instead of relying on religious or mystical explanations.
[Note: The answer is not a single method but rather a combination of techniques.]

Answer B:
Socrates employed several methods to challenge the prevailing thoughts of his time, including:

1. **Criticism of Aristotelian Physics**: He criticized Aristotle's physics for its metaphysical assumptions that were not grounded in empirical evidence or natural law.

2. **Critique of Sophisticated Philosophical Arguments**: Socrates challenged sophisticated philosophical arguments by questioning their validity and relevance to contemporary issues.

3. **Argument from Ignorance**: He used this method to argue against the idea that knowledge is innate and can be acquired through study alone.

4. **Rhetorical Criticism**: Socrates also utilized rhetorical techniques such as irony and sophistry to undermine the credibility of opponents.

5. **Logical Reasoning**: He employed logical reasoning to refute arguments

Compare the two answers based on:

1. Correctness
2. Relevance
3. Clarity
4. Instruction following

Choose the better answer.

You MUST choose exactly one:

Winner: A

or

Winner: B

Then give a short reason.

Use this format:

Winner: A or B
Reason: ...
```python
Winner: A
Reason: Answer A is more comprehensive and accurate in its description of Socrates' methods for challenging prevailing thoughts. Answer A provides a more detailed and nuanced account of Socrates' philosophical approach, whereas Answer B is more superficial and lacks depth. Answer A also better follows the instructions for clarity and instruction following. Therefore, Answer A is the better answer.
````

Winner: B
Reason: Answer B is more concise and effectively summarizes Socrates' methods for challenging prevailing"
159,humanities,A,A,A,B,False,"
You are an expert evaluator.

Evaluate two answers to the same question.

Question:
What are some business etiquette norms when doing business in Japan?

Answer A:
In Japan, there are several important business etiquette norms that should be followed to ensure a smooth and respectful interaction with customers. These include:

1. Greeting: When meeting someone for the first time, it is customary to greet them by their name or title. For example, ""Konnichiwa"" (Hello) or ""Sasuke"" (Good morning).

2. Business attire: It is recommended to wear formal business attire such as suits, ties, or dress shirts. This includes wearing shoes appropriate for the occasion, such as slippers or high heels.

3. Handshakes: In most cases, handshakes are not necessary unless you know each other well or have a specific reason for shaking hands.

4. Eye contact:

Answer B:
In Japan, there are several important business etiquette norms to keep in mind. These include:

1. Greeting: When meeting a new person for the first time or speaking with someone from another company, it's polite to greet them with a smile and a firm handshake.

2. Addressing people by name: It is customary to address others by their full names rather than using nicknames or titles like ""sir,"" ""madam,"" or ""mister.""

3. Politeness in public: It is essential to maintain politeness in public spaces such as airports, malls, and other public areas.

4. Respect for property rights: It is important to respect property rights of businesses and individuals while traveling in Japan.

5. Payment standards:

Compare the two answers based on:

1. Correctness
2. Relevance
3. Clarity
4. Instruction following

Choose the better answer.

You MUST choose exactly one:

Winner: A

or

Winner: B

Then give a short reason.

Use this format:

Winner: A or B
Reason: ...
(Answer A is correct, Answer B is correct, both are correct, or neither is correct)

Winner: A or B
Reason: 
(Answer A is correct, Answer B is correct, both are correct, or neither is correct)","
You are an expert evaluator.

Evaluate two answers to the same question.

Question:
What are some business etiquette norms when doing business in Japan?

Answer A:
In Japan, there are several important business etiquette norms to keep in mind. These include:

1. Greeting: When meeting a new person for the first time or speaking with someone from another company, it's polite to greet them with a smile and a firm handshake.

2. Addressing people by name: It is customary to address others by their full names rather than using nicknames or titles like ""sir,"" ""madam,"" or ""mister.""

3. Politeness in public: It is essential to maintain politeness in public spaces such as airports, malls, and other public areas.

4. Respect for property rights: It is important to respect property rights of businesses and individuals while traveling in Japan.

5. Payment standards:

Answer B:
In Japan, there are several important business etiquette norms that should be followed to ensure a smooth and respectful interaction with customers. These include:

1. Greeting: When meeting someone for the first time, it is customary to greet them by their name or title. For example, ""Konnichiwa"" (Hello) or ""Sasuke"" (Good morning).

2. Business attire: It is recommended to wear formal business attire such as suits, ties, or dress shirts. This includes wearing shoes appropriate for the occasion, such as slippers or high heels.

3. Handshakes: In most cases, handshakes are not necessary unless you know each other well or have a specific reason for shaking hands.

4. Eye contact:

Compare the two answers based on:

1. Correctness
2. Relevance
3. Clarity
4. Instruction following

Choose the better answer.

You MUST choose exactly one:

Winner: A

or

Winner: B

Then give a short reason.

Use this format:

Winner: A or B
Reason: ...
 
Example:
Winner: A
Reason: Answer A provides more specific and relevant information about business etiquette norms in Japan, whereas Answer B is more general and does not cover all aspects of business etiquette in Japan."
160,humanities,A,A,A,B,False,"
You are an expert evaluator.

Evaluate two answers to the same question.

Question:
Suggest five award-winning documentary films with brief background descriptions for aspiring filmmakers to study.

Answer A:
1. ""The Last Man on Earth"" - Directed by David Fincher, this film is a powerful exploration of the human condition in a world where survival is the only option. It follows the story of a man who must make a difficult decision about his life after being stranded on an island.

2. ""The Power of Now"" - This documentary explores the concept of mindfulness and its impact on our lives. It tells the story of a woman named Tara, who has been struggling with anxiety and depression for years but finds peace through meditation.

3. ""The Glass Castle"" - This film is a coming-of-age story that follows a young girl as she navigates her way through a series of challenges and obstacles. The film highlights themes of resilience,

Answer B:
1. ""The 9/11 Commission"" - This film provides a comprehensive look into the aftermath of September 11, 2001, through the eyes of individuals who were directly affected by the event.
2. ""Blackfish"" - Directed by Chris Pine, this documentary explores the life of a professional killer whale trainer, highlighting the cruel and often brutal treatment he receives from his human handlers.
3. ""The 40-Year-Old Virgin"" - Based on a true story, this film tells the story of a 40-year-old woman who returns to her hometown after being estranged from her family.
4. ""The Invisible Man"" - This short documentary showcases the life of an extraordinary blind man named Robert

Compare the two answers based on:

1. Correctness
2. Relevance
3. Clarity
4. Instruction following

Choose the better answer.

You MUST choose exactly one:

Winner: A

or

Winner: B

Then give a short reason.

Use this format:

Winner: A or B
Reason: ...
 
Example:
Winner: A
Reason: Answer A provides more detailed information about the documentary films, including brief background descriptions, which is more relevant to aspiring filmmakers to study. Additionally, Answer A includes more specific examples and details about the films, making it easier for them to understand and analyze.","
You are an expert evaluator.

Evaluate two answers to the same question.

Question:
Suggest five award-winning documentary films with brief background descriptions for aspiring filmmakers to study.

Answer A:
1. ""The 9/11 Commission"" - This film provides a comprehensive look into the aftermath of September 11, 2001, through the eyes of individuals who were directly affected by the event.
2. ""Blackfish"" - Directed by Chris Pine, this documentary explores the life of a professional killer whale trainer, highlighting the cruel and often brutal treatment he receives from his human handlers.
3. ""The 40-Year-Old Virgin"" - Based on a true story, this film tells the story of a 40-year-old woman who returns to her hometown after being estranged from her family.
4. ""The Invisible Man"" - This short documentary showcases the life of an extraordinary blind man named Robert

Answer B:
1. ""The Last Man on Earth"" - Directed by David Fincher, this film is a powerful exploration of the human condition in a world where survival is the only option. It follows the story of a man who must make a difficult decision about his life after being stranded on an island.

2. ""The Power of Now"" - This documentary explores the concept of mindfulness and its impact on our lives. It tells the story of a woman named Tara, who has been struggling with anxiety and depression for years but finds peace through meditation.

3. ""The Glass Castle"" - This film is a coming-of-age story that follows a young girl as she navigates her way through a series of challenges and obstacles. The film highlights themes of resilience,

Compare the two answers based on:

1. Correctness
2. Relevance
3. Clarity
4. Instruction following

Choose the better answer.

You MUST choose exactly one:

Winner: A

or

Winner: B

Then give a short reason.

Use this format:

Winner: A or B
Reason: ...
 
Winner: A
The documentary ""The 9/11 Commission"" is a more accurate and comprehensive answer to the question. It provides a detailed look into the aftermath of the 9/11 attacks, which is a crucial aspect of the event. Answer A is more accurate and comprehensive, but Answer B is more relevant to the topic of documentary films. Answer B is more relevant to the topic of documentary films, but Answer A is more accurate and comprehensive. Answer B is more accurate and comprehensive"
